Aging_hallmark,Search_terms,Appended_search_terms,Full_search_term,
genomic_instability_all,NA,"r'\bgenome instability\b', r'\bgenomes instability\b', r'\bgenome instabilities\b', r'\bgenomic instability\b', r'\bgenetic instability\b', r'\bgenetic instabilities\b', r'\bdamage dna\b', r'\bdna damage\b', r'\bdamages dna\b', r'\bdna damages\b', r'\bdamage to dna\b', r'\bdna injuries\b', r'\bdna injury\b', r'\binjury to dna\b', r'\binjuries to dna\b', r'\binjures dna\b', r'\bdamage deoxyribonucleic acid\b', r'\bdamage to deoxyribonucleic acid\b', r'\bdeoxyribonucleic acid damage\b', r'\bdamages deoxyribonucleic acid\b', r'\bdeoxyribonucleic acid damages\b', r'\bdeoxyribonucleic acid injuries\b', r'\bdeoxyribonucleic acid injury\b', r'\binjury to deoxyribonucleic acid\b', r'\binjuries to deoxyribonucleic acid\b', r'\binjures deoxyribonucleic acid\b', r'\bsomatic mutation\b', r'\bsomatic mutations\b', r'\bgenetic alteration\b', r'\bgenetic alterations\b', r'\bdna break\b', r'\bdeoxyribonucleic acid break\b', r'\bdna breaks\b', r'\bdeoxyribonucleic acid breaks\b', r'\bstrand breaks\b', r'\bstrand break\b', r'\bchromosomal breakage\b', r'\bchromosome breakage\b', r'\bchromosomal breakages\b', r'\bchromosome breakages\b', r'\bchromosomal breaks\b', r'\bchromosome breaks\b', r'\bchromosomal break\b', r'\bchromosome break\b', r'\bdna double strand break\b', r'\bdeoxyribonucleic acid double strand break\b', r'\bdouble strand break\b', r'\bdouble stranded break\b', r'\bdouble strand breaks\b', r'\bdouble stranded breaks\b', r'\bdna nick\b', r'\bdna nicks\b', r'\bdna single strand break\b', r'\bdeoxyribonucleic acid nick\b', r'\bdeoxyribonucleic acid nicks\b', r'\bdeoxyribonucleic acid single strand break\b', r'\bsingle strand break\b', r'\bsingle stranded break\b', r'\bsingle strand breaks\b', r'\bsingle stranded breaks\b', r'\bdeficient dna repair\b', r'\bdeficient dna repairs\b', r'\bdna repair deficiency\b', r'\bdna repair deficiencies\b', r'\bdna repair disorder\b', r'\bdeficiency of dna repair\b', r'\bdeficient deoxyribonucleic acid repair\b', r'\bdeficient deoxyribonucleic acid repairs\b', r'\bdeoxyribonucleic acid repair deficiency\b', r'\bdeoxyribonucleic acid repair deficiencies\b', r'\bdeoxyribonucleic acid repair disorder\b', r'\bdeficiency of deoxyribonucleic acid repair\b', r'\bchromosome m damage\b', r'\bmitochondrial dna damage\b', r'\bm chromosome damage\b', r'\bmitochondrial chromosome damage\b', r'\bdna mitochondrial damage\b', r'\bmdna damage\b', r'\bmtdna damage\b', r'\bdamages chromosome m\b', r'\bdamages mitochondrial dna\b', r'\bdamages m chromosome\b', r'\bdamages mitochondrial chromosome\b', r'\bdamages mitochondria dna\b', r'\bdamages dna mitochondrial\b', r'\bdamages mdna\b', r'\bdamages mtdna\b', r'\bdamage chromosome m\b', r'\bdamage mitochondrial dna\b', r'\bdamage m chromosome\b', r'\bdamage mitochondrial chromosome\b', r'\bdamage mitochondria dna\b', r'\bdamage dna mitochondrial\b', r'\bdamage mdna\b', r'\bdamage mtdna\b', r'\bchromosome m injuries\b', r'\bm chromosome injuries\b', r'\bmitochondrial chromosome injuries\b', r'\bmdna injuries\b', r'\bmtdna injuries\b', r'\bchromosome m injury\b', r'\bm chromosome injury\b', r'\bmitochondrial chromosome injury\b', r'\bmitochondria dna injury\b', r'\bmitochondrial dna injury\b', r'\bdna mitochondrial injury\b', r'\bmdna injury\b', r'\bmtdna injury\b', r'\binjury to chromosome m\b', r'\binjury to mitochondrial dna\b', r'\binjury to m chromosome\b', r'\binjury to mitochondrial chromosome\b', r'\binjury to mitochondria dna\b', r'\binjury to dna mitochondrial\b', r'\binjury to mdna\b', r'\binjury to mtdna\b', r'\binjuries to chromosome m\b', r'\binjuries to mitochondrial dna\b', r'\binjuries to m chromosome\b', r'\binjuries to mitochondrial chromosome\b', r'\binjuries to mitochondria dna\b', r'\binjuries to dna mitochondrial\b', r'\binjuries to mdna\b', r'\binjuries to mtdna\b', r'\binjures chromosome m\b', r'\binjures mitochondrial dna\b', r'\binjures m chromosome\b', r'\binjures mitochondrial chromosome\b', r'\binjures mitochondria dna\b', r'\binjures dna mitochondrial\b', r'\binjures mdna\b', r'\binjures mtdna\b', r'\btransposable element\b', r'\btransposable elements\b'","﻿GI_sent_new = search_synonyms([r'\bgenome instability\b', r'\bgenomes instability\b', r'\bgenome instabilities\b', r'\bgenomic instability\b', r'\bgenetic instability\b', r'\bgenetic instabilities\b', r'\bdamage dna\b', r'\bdna damage\b', r'\bdamages dna\b', r'\bdna damages\b', r'\bdamage to dna\b', r'\bdna injuries\b', r'\bdna injury\b', r'\binjury to dna\b', r'\binjuries to dna\b', r'\binjures dna\b', r'\bdamage deoxyribonucleic acid\b', r'\bdamage to deoxyribonucleic acid\b', r'\bdeoxyribonucleic acid damage\b', r'\bdamages deoxyribonucleic acid\b', r'\bdeoxyribonucleic acid damages\b', r'\bdeoxyribonucleic acid injuries\b', r'\bdeoxyribonucleic acid injury\b', r'\binjury to deoxyribonucleic acid\b', r'\binjuries to deoxyribonucleic acid\b', r'\binjures deoxyribonucleic acid\b', r'\bsomatic mutation\b', r'\bsomatic mutations\b', r'\bgenetic alteration\b', r'\bgenetic alterations\b', r'\bdna break\b', r'\bdeoxyribonucleic acid break\b', r'\bdna breaks\b', r'\bdeoxyribonucleic acid breaks\b', r'\bstrand breaks\b', r'\bstrand break\b', r'\bchromosomal breakage\b', r'\bchromosome breakage\b', r'\bchromosomal breakages\b', r'\bchromosome breakages\b', r'\bchromosomal breaks\b', r'\bchromosome breaks\b', r'\bchromosomal break\b', r'\bchromosome break\b', r'\bdna double strand break\b', r'\bdeoxyribonucleic acid double strand break\b', r'\bdouble strand break\b', r'\bdouble stranded break\b', r'\bdouble strand breaks\b', r'\bdouble stranded breaks\b', r'\bdna nick\b', r'\bdna nicks\b', r'\bdna single strand break\b', r'\bdeoxyribonucleic acid nick\b', r'\bdeoxyribonucleic acid nicks\b', r'\bdeoxyribonucleic acid single strand break\b', r'\bsingle strand break\b', r'\bsingle stranded break\b', r'\bsingle strand breaks\b', r'\bsingle stranded breaks\b', r'\bdeficient dna repair\b', r'\bdeficient dna repairs\b', r'\bdna repair deficiency\b', r'\bdna repair deficiencies\b', r'\bdna repair disorder\b', r'\bdeficiency of dna repair\b', r'\bdeficient deoxyribonucleic acid repair\b', r'\bdeficient deoxyribonucleic acid repairs\b', r'\bdeoxyribonucleic acid repair deficiency\b', r'\bdeoxyribonucleic acid repair deficiencies\b', r'\bdeoxyribonucleic acid repair disorder\b', r'\bdeficiency of deoxyribonucleic acid repair\b', r'\bchromosome m damage\b', r'\bmitochondrial dna damage\b', r'\bm chromosome damage\b', r'\bmitochondrial chromosome damage\b', r'\bdna mitochondrial damage\b', r'\bmdna damage\b', r'\bmtdna damage\b', r'\bdamages chromosome m\b', r'\bdamages mitochondrial dna\b', r'\bdamages m chromosome\b', r'\bdamages mitochondrial chromosome\b', r'\bdamages mitochondria dna\b', r'\bdamages dna mitochondrial\b', r'\bdamages mdna\b', r'\bdamages mtdna\b', r'\bdamage chromosome m\b', r'\bdamage mitochondrial dna\b', r'\bdamage m chromosome\b', r'\bdamage mitochondrial chromosome\b', r'\bdamage mitochondria dna\b', r'\bdamage dna mitochondrial\b', r'\bdamage mdna\b', r'\bdamage mtdna\b', r'\bchromosome m injuries\b', r'\bm chromosome injuries\b', r'\bmitochondrial chromosome injuries\b', r'\bmdna injuries\b', r'\bmtdna injuries\b', r'\bchromosome m injury\b', r'\bm chromosome injury\b', r'\bmitochondrial chromosome injury\b', r'\bmitochondria dna injury\b', r'\bmitochondrial dna injury\b', r'\bdna mitochondrial injury\b', r'\bmdna injury\b', r'\bmtdna injury\b', r'\binjury to chromosome m\b', r'\binjury to mitochondrial dna\b', r'\binjury to m chromosome\b', r'\binjury to mitochondrial chromosome\b', r'\binjury to mitochondria dna\b', r'\binjury to dna mitochondrial\b', r'\binjury to mdna\b', r'\binjury to mtdna\b', r'\binjuries to chromosome m\b', r'\binjuries to mitochondrial dna\b', r'\binjuries to m chromosome\b', r'\binjuries to mitochondrial chromosome\b', r'\binjuries to mitochondria dna\b', r'\binjuries to dna mitochondrial\b', r'\binjuries to mdna\b', r'\binjuries to mtdna\b', r'\binjures chromosome m\b', r'\binjures mitochondrial dna\b', r'\binjures m chromosome\b', r'\binjures mitochondrial chromosome\b', r'\binjures mitochondria dna\b', r'\binjures dna mitochondrial\b', r'\binjures mdna\b', r'\binjures mtdna\b', r'\btransposable element\b', r'\btransposable elements\b'], ""genomic_instability"")",
genomic_instability,"r'\bgenome instability\b', r'\bgenomes instability\b', r'\bgenome instabilities\b', r'\bgenomic instability\b', r'\bgenetic instability\b', r'\bgenetic instabilities\b', ",NA,NA,
DNA_damage,"r'\bdamage dna\b', r'\bdna damage\b', r'\bdamages dna\b', r'\bdna damages\b', r'\bdamage to dna\b', r'\bdna injuries\b', r'\bdna injury\b', r'\binjury to dna\b', r'\binjuries to dna\b', r'\binjures dna\b', r'\bdamage deoxyribonucleic acid\b', r'\bdamage to deoxyribonucleic acid\b', r'\bdeoxyribonucleic acid damage\b', r'\bdamages deoxyribonucleic acid\b', r'\bdeoxyribonucleic acid damages\b', r'\bdeoxyribonucleic acid injuries\b', r'\bdeoxyribonucleic acid injury\b', r'\binjury to deoxyribonucleic acid\b', r'\binjuries to deoxyribonucleic acid\b', r'\binjures deoxyribonucleic acid\b', ",NA,NA,
mutations,"r'\bsomatic mutation\b', r'\bsomatic mutations\b', r'\bgenetic alteration\b', r'\bgenetic alterations\b', ",NA,NA,
DNA_breaks,"r'\bdna break\b', r'\bdeoxyribonucleic acid break\b', r'\bdna breaks\b', r'\bdeoxyribonucleic acid breaks\b', r'\bstrand breaks\b', r'\bstrand break\b', ",NA,NA,
chromosome_breakage,"r'\bchromosomal breakage\b', r'\bchromosome breakage\b', r'\bchromosomal breakages\b', r'\bchromosome breakages\b', r'\bchromosomal breaks\b', r'\bchromosome breaks\b', r'\bchromosomal break\b', r'\bchromosome break\b', ",NA,NA,
double_strand_break ,"r'\bdna double strand break\b', r'\bdeoxyribonucleic acid double strand break\b', r'\bdouble strand break\b', r'\bdouble stranded break\b', r'\bdouble strand breaks\b', r'\bdouble stranded breaks\b', ",NA,NA,
single_strand_break ,"r'\bdna nick\b', r'\bdna nicks\b', r'\bdna single strand break\b', r'\bdeoxyribonucleic acid nick\b', r'\bdeoxyribonucleic acid nicks\b', r'\bdeoxyribonucleic acid single strand break\b', r'\bsingle strand break\b', r'\bsingle stranded break\b', r'\bsingle strand breaks\b', r'\bsingle stranded breaks\b', ",NA,NA,
DNA_repair_deficiency ,"r'\bdeficient dna repair\b', r'\bdeficient dna repairs\b', r'\bdna repair deficiency\b', r'\bdna repair deficiencies\b', r'\bdna repair disorder\b', r'\bdeficiency of dna repair\b', r'\bdeficient deoxyribonucleic acid repair\b', r'\bdeficient deoxyribonucleic acid repairs\b', r'\bdeoxyribonucleic acid repair deficiency\b', r'\bdeoxyribonucleic acid repair deficiencies\b', r'\bdeoxyribonucleic acid repair disorder\b', r'\bdeficiency of deoxyribonucleic acid repair\b', ",NA,NA,
mtDNA_damage_and_mutation,"r'\bchromosome m damage\b', r'\bmitochondrial dna damage\b', r'\bm chromosome damage\b', r'\bmitochondrial chromosome damage\b', r'\bdna mitochondrial damage\b', r'\bmdna damage\b', r'\bmtdna damage\b', r'\bdamages chromosome m\b', r'\bdamages mitochondrial dna\b', r'\bdamages m chromosome\b', r'\bdamages mitochondrial chromosome\b', r'\bdamages mitochondria dna\b', r'\bdamages dna mitochondrial\b', r'\bdamages mdna\b', r'\bdamages mtdna\b', r'\bdamage chromosome m\b', r'\bdamage mitochondrial dna\b', r'\bdamage m chromosome\b', r'\bdamage mitochondrial chromosome\b', r'\bdamage mitochondria dna\b', r'\bdamage dna mitochondrial\b', r'\bdamage mdna\b', r'\bdamage mtdna\b', r'\bchromosome m injuries\b', r'\bm chromosome injuries\b', r'\bmitochondrial chromosome injuries\b', r'\bmdna injuries\b', r'\bmtdna injuries\b', r'\bchromosome m injury\b', r'\bm chromosome injury\b', r'\bmitochondrial chromosome injury\b', r'\bmitochondria dna injury\b', r'\bmitochondrial dna injury\b', r'\bdna mitochondrial injury\b', r'\bmdna injury\b', r'\bmtdna injury\b', r'\binjury to chromosome m\b', r'\binjury to mitochondrial dna\b', r'\binjury to m chromosome\b', r'\binjury to mitochondrial chromosome\b', r'\binjury to mitochondria dna\b', r'\binjury to dna mitochondrial\b', r'\binjury to mdna\b', r'\binjury to mtdna\b', r'\binjuries to chromosome m\b', r'\binjuries to mitochondrial dna\b', r'\binjuries to m chromosome\b', r'\binjuries to mitochondrial chromosome\b', r'\binjuries to mitochondria dna\b', r'\binjuries to dna mitochondrial\b', r'\binjuries to mdna\b', r'\binjuries to mtdna\b', r'\binjures chromosome m\b', r'\binjures mitochondrial dna\b', r'\binjures m chromosome\b', r'\binjures mitochondrial chromosome\b', r'\binjures mitochondria dna\b', r'\binjures dna mitochondrial\b', r'\binjures mdna\b', r'\binjures mtdna\b', ",NA,NA,
transposable_elements,"r'\btransposable element\b', r'\btransposable elements\b'",NA,NA,
telomere_attrition_all,NA,"r'\btelomere attrition\b', r'\btelomere erosion\b', r'\btelomere exhaustion\b', r'\btelomere loss\b', r'\btelomere dysfunction\b', r'\bexhaustion of telomeres\b', r'\battrition of telomeres\b', r'\berosion of telomeres\b', r'\bloss of telomeres\b', r'\bdysfunctional telomeres\b', r'\bdysfunction of telomeres\b', r'\btelomere shortening\b', r'\btelomere shortenings\b', r'\bshortened telomeres\b', r'\bshort telomeres\b', r'\beroded telomeres\b', r'\bshorter telomeres\b', r'\bcritically shortened telomeres\b', r'\breduced ltl\b', r'\bdecreased ltl\b', r'\bshortened ltl\b', r'\bshorter ltl\b', r'\breduced mean ltl\b', r'\bdecreased mean ltl\b', r'\bshortened mean ltl\b', r'\bshorter mean ltl\b', r'\btelomere length\b', r'\blength of telomeres\b', r'\breduced tl\b', r'\bdecreased tl\b', r'\bshortened tl\b', r'\bshorter tl\b', r'\breduced mean tl\b', r'\bdecreased mean tl\b', r'\bshortened mean tl\b', r'\bshorter mean tl\b'","﻿TA_sent_new = search_synonyms([r'\btelomere attrition\b', r'\btelomere erosion\b', r'\btelomere exhaustion\b', r'\btelomere loss\b', r'\btelomere dysfunction\b', r'\bexhaustion of telomeres\b', r'\battrition of telomeres\b', r'\berosion of telomeres\b', r'\bloss of telomeres\b', r'\bdysfunctional telomeres\b', r'\bdysfunction of telomeres\b', r'\btelomere shortening\b', r'\btelomere shortenings\b', r'\bshortened telomeres\b', r'\bshort telomeres\b', r'\beroded telomeres\b', r'\bshorter telomeres\b', r'\bcritically shortened telomeres\b', r'\breduced ltl\b', r'\bdecreased ltl\b', r'\bshortened ltl\b', r'\bshorter ltl\b', r'\breduced mean ltl\b', r'\bdecreased mean ltl\b', r'\bshortened mean ltl\b', r'\bshorter mean ltl\b', r'\btelomere length\b', r'\blength of telomeres\b', r'\breduced tl\b', r'\bdecreased tl\b', r'\bshortened tl\b', r'\bshorter tl\b', r'\breduced mean tl\b', r'\bdecreased mean tl\b', r'\bshortened mean tl\b', r'\bshorter mean tl\b'], ""telomere_attrition"")","r'\btelomere attrition\b', r'\btelomere erosion\b', r'\btelomere exhaustion\b', r'\btelomere loss\b', r'\btelomere dysfunction\b', r'\bexhaustion of telomeres\b', r'\battrition of telomeres\b', r'\berosion of telomeres\b', r'\bloss of telomeres\b', r'\bdysfunctional telomeres\b', r'\bdysfunction of telomeres\b', r'\btelomere shortening\b', r'\btelomere shortenings\b', r'\bshortened telomeres\b', r'\bshort telomeres\b', r'\beroded telomeres\b', r'\bshorter telomeres\b', r'\bcritically shortened telomeres\b', r'\breduced ltl\b', r'\bdecreased ltl\b', r'\bshortened ltl\b', r'\bshorter ltl\b', r'\breduced mean ltl\b', r'\bdecreased mean ltl\b', r'\bshortened mean ltl\b', r'\bshorter mean ltl\b', r'\btelomere length\b', r'\blength of telomeres\b', r'\breduced tl\b', r'\bdecreased tl\b', r'\bshortened tl\b', r'\bshorter tl\b', r'\breduced mean tl\b', r'\bdecreased mean tl\b', r'\bshortened mean tl\b', r'\bshorter mean tl\b'"
telomere_attrition,"r'\btelomere attrition\b', r'\btelomere erosion\b', r'\btelomere exhaustion\b', r'\btelomere loss\b', r'\btelomere dysfunction\b', r'\bexhaustion of telomeres\b', r'\battrition of telomeres\b', r'\berosion of telomeres\b', r'\bloss of telomeres\b', r'\bdysfunctional telomeres\b', r'\bdysfunction of telomeres\b', r'\btelomere shortening\b', r'\btelomere shortenings\b', r'\bshortened telomeres\b', r'\bshort telomeres\b', r'\beroded telomeres\b', r'\bshorter telomeres\b', r'\bcritically shortened telomeres\b', ",NA,NA,
decreased_mean_TL,"r'\btelomere length\b', r'\blength of telomeres\b', r'\breduced tl\b', r'\bdecreased tl\b', r'\bshortened tl\b', r'\bshorter tl\b', r'\breduced mean tl\b', r'\bdecreased mean tl\b', r'\bshortened mean tl\b', r'\bshorter mean tl\b'",NA,NA,
decreased_mean_LTL,"r'\breduced ltl\b', r'\bdecreased ltl\b', r'\bshortened ltl\b', r'\bshorter ltl\b', r'\breduced mean ltl\b', r'\bdecreased mean ltl\b', r'\bshortened mean ltl\b', r'\bshorter mean ltl\b', ",NA,NA,
epigenetic_alterations_all,NA,"r'\bdna methylation\b', r'\bdna methylations\b', r'\bmethylation of dna\b', r'\bdeoxyribonucleic acid methylation\b', r'\bdeoxyribonucleic acid methylations\b', r'\bmethylation of deoxyribonucleic acid\b', r'\bmethylated regions of dna\b', r'\bmethylated region of deoxyribonucleic acid\b', r'\bhistone modification\b', r'\bhistone modifications\b', r'\bmodification of histones\b', r'\bmodifications of histones\b', r'\bhistone acetylation\b', r'\bacetylation of histones\b', r'\bhistone acetylations\b', r'\bacetylations of histones\b', r'\bhistone methylation\b', r'\bmethylation of histones\b', r'\bhistone methylations\b', r'\bmethylations of histones\b', r'\bepimutations\b', r'\bepimutation\b', r'\bepigenetics\b', r'\bepigenetic\b', r'\bepigenetic process\b', r'\bepigenetic processes\b', r'\bepigenetic mechanism\b', r'\bepigenetic alteration\b', r'\bepigenetic alterations\b', r'\bepigenetic defect\b', r'\bepigenetic defects\b', r'\bepigenetic perturbation\b', r'\bepigenetic perturbations\b', r'\bepigenetic changes\b', r'\bepigenetic change\b', r'\bchanges in epigenetics\b', r'\balterations in epigenetics\b', r'\bdefects in epigenetics\b', r'\bgene transcription\b', r'\bgenetic transcription\b', r'\btranscriptional alterations\b', r'\brna transcription\b', r'\btranscriptional changes\b', r'\btranscriptional modifications\b', r'\bribonucleic acid transcription\b', r'\btranscription of rna\b', r'\btranscription of genes\b', r'\btranscription of ribonucleic acids\b', r'\btranscription of ribonucleinicum\b', r'\bnon coding rna\b', r'\bnon peptide coding rna\b', r'\bnoncoding rna\b', r'\bnontranslated rna\b', r'\bnpcrna\b', r'\bnon protein coding rna\b', r'\buntranslated rna\b', r'\bfunctional rna\b', r'\bncrna\b', r'\bnon coding rnas\b', r'\bnon peptide coding rnas\b', r'\bnoncoding rnas\b', r'\bnontranslated rnas\b', r'\bnon protein coding rnas\b', r'\buntranslated rnas\b', r'\bfunctional rnas\b', r'\bnon coding ribonucleic acid\b', r'\bnon peptide coding ribonucleic acid\b', r'\bnoncoding ribonucleic acid\b', r'\bnontranslated ribonucleic acid\b', r'\bnon protein coding ribonucleic acid\b', r'\buntranslated ribonucleic acid\b', r'\bfunctional ribonucleic acid\b', r'\bnon coding ribonucleic acids\b', r'\bnon peptide coding ribonucleic acids\b', r'\bnoncoding ribonucleic acids\b', r'\bnontranslated ribonucleic acids\b', r'\bnon protein coding ribonucleic acids\b', r'\buntranslated ribonucleic acids\b', r'\bfunctional ribonucleic acids\b', r'\bnon coding ribonucleinicum acidum\b', r'\bnon peptide coding ribonucleinicum acidum\b', r'\bnoncoding ribonucleinicum acidum\b', r'\bnontranslated ribonucleinicum acidum\b', r'\bnon protein coding ribonucleinicum acidum\b', r'\buntranslated ribonucleinicum acidum\b', r'\bfunctional ribonucleinicum acidum\b', r'\bmicrorna\b', r'\bmirna\b', r'\bmicro rna\b', r'\bmicrornas\b', r'\bmirnas\b', r'\bmicro rnas\b', r'\bmicro ribonucleic acid or micro ribonucleic acids\b', r'\bmicro ribonucleinicum acidum\b', r'\bcoding rna\b', r'\btranslated rna\b', r'\bcoding rnas\b', r'\btranslated rnas\b', r'\bcoding ribonucleic acid\b', r'\btranslated ribonucleic acid\b', r'\bcoding ribonucleic acids\b', r'\btranslated ribonucleic acids\b', r'\bcoding ribonucleinicum acidum\b', r'\btranslated ribonucleinicum acidum\b'","﻿EA_sent_new = search_synonyms([r'\bdna methylation\b', r'\bdna methylations\b', r'\bmethylation of dna\b', r'\bdeoxyribonucleic acid methylation\b', r'\bdeoxyribonucleic acid methylations\b', r'\bmethylation of deoxyribonucleic acid\b', r'\bmethylated regions of dna\b', r'\bmethylated region of deoxyribonucleic acid\b', r'\bhistone modification\b', r'\bhistone modifications\b', r'\bmodification of histones\b', r'\bmodifications of histones\b', r'\bhistone acetylation\b', r'\bacetylation of histones\b', r'\bhistone acetylations\b', r'\bacetylations of histones\b', r'\bhistone methylation\b', r'\bmethylation of histones\b', r'\bhistone methylations\b', r'\bmethylations of histones\b', r'\bepimutations\b', r'\bepimutation\b', r'\bepigenetics\b', r'\bepigenetic\b', r'\bepigenetic process\b', r'\bepigenetic processes\b', r'\bepigenetic mechanism\b', r'\bepigenetic alteration\b', r'\bepigenetic alterations\b', r'\bepigenetic defect\b', r'\bepigenetic defects\b', r'\bepigenetic perturbation\b', r'\bepigenetic perturbations\b', r'\bepigenetic changes\b', r'\bepigenetic change\b', r'\bchanges in epigenetics\b', r'\balterations in epigenetics\b', r'\bdefects in epigenetics\b', r'\bgene transcription\b', r'\bgenetic transcription\b', r'\btranscriptional alterations\b', r'\brna transcription\b', r'\btranscriptional changes\b', r'\btranscriptional modifications\b', r'\bribonucleic acid transcription\b', r'\btranscription of rna\b', r'\btranscription of genes\b', r'\btranscription of ribonucleic acids\b', r'\btranscription of ribonucleinicum\b', r'\bnon coding rna\b', r'\bnon peptide coding rna\b', r'\bnoncoding rna\b', r'\bnontranslated rna\b', r'\bnpcrna\b', r'\bnon protein coding rna\b', r'\buntranslated rna\b', r'\bfunctional rna\b', r'\bncrna\b', r'\bnon coding rnas\b', r'\bnon peptide coding rnas\b', r'\bnoncoding rnas\b', r'\bnontranslated rnas\b', r'\bnon protein coding rnas\b', r'\buntranslated rnas\b', r'\bfunctional rnas\b', r'\bnon coding ribonucleic acid\b', r'\bnon peptide coding ribonucleic acid\b', r'\bnoncoding ribonucleic acid\b', r'\bnontranslated ribonucleic acid\b', r'\bnon protein coding ribonucleic acid\b', r'\buntranslated ribonucleic acid\b', r'\bfunctional ribonucleic acid\b', r'\bnon coding ribonucleic acids\b', r'\bnon peptide coding ribonucleic acids\b', r'\bnoncoding ribonucleic acids\b', r'\bnontranslated ribonucleic acids\b', r'\bnon protein coding ribonucleic acids\b', r'\buntranslated ribonucleic acids\b', r'\bfunctional ribonucleic acids\b', r'\bnon coding ribonucleinicum acidum\b', r'\bnon peptide coding ribonucleinicum acidum\b', r'\bnoncoding ribonucleinicum acidum\b', r'\bnontranslated ribonucleinicum acidum\b', r'\bnon protein coding ribonucleinicum acidum\b', r'\buntranslated ribonucleinicum acidum\b', r'\bfunctional ribonucleinicum acidum\b', r'\bmicrorna\b', r'\bmirna\b', r'\bmicro rna\b', r'\bmicrornas\b', r'\bmirnas\b', r'\bmicro rnas\b', r'\bmicro ribonucleic acid or micro ribonucleic acids\b', r'\bmicro ribonucleinicum acidum\b', r'\bcoding rna\b', r'\btranslated rna\b', r'\bcoding rnas\b', r'\btranslated rnas\b', r'\bcoding ribonucleic acid\b', r'\btranslated ribonucleic acid\b', r'\bcoding ribonucleic acids\b', r'\btranslated ribonucleic acids\b', r'\bcoding ribonucleinicum acidum\b', r'\btranslated ribonucleinicum acidum\b'], ""epigenetic_alterations"")",
DNA_methylation,"r'\bdna methylation\b', r'\bdna methylations\b', r'\bmethylation of dna\b', r'\bdeoxyribonucleic acid methylation\b', r'\bdeoxyribonucleic acid methylations\b', r'\bmethylation of deoxyribonucleic acid\b', r'\bmethylated regions of dna\b', r'\bmethylated region of deoxyribonucleic acid\b', ",NA,NA,
histone_modification,"r'\bhistone modification\b', r'\bhistone modifications\b', r'\bmodification of histones\b', r'\bmodifications of histones\b', ",NA,NA,
histone_acetylation,"r'\bhistone acetylation\b', r'\bacetylation of histones\b', r'\bhistone acetylations\b', r'\bacetylations of histones\b', ",NA,NA,
histone_methylation,"r'\bhistone methylation\b', r'\bmethylation of histones\b', r'\bhistone methylations\b', r'\bmethylations of histones\b', ",NA,NA,
epigenetic_alterations,"r'\bepimutations\b', r'\bepimutation\b', r'\bepigenetics\b', r'\bepigenetic\b', r'\bepigenetic process\b', r'\bepigenetic processes\b', r'\bepigenetic mechanism\b', r'\bepigenetic alteration\b', r'\bepigenetic alterations\b', r'\bepigenetic defect\b', r'\bepigenetic defects\b', r'\bepigenetic perturbation\b', r'\bepigenetic perturbations\b', r'\bepigenetic changes\b', r'\bepigenetic change\b', r'\bchanges in epigenetics\b', r'\balterations in epigenetics\b', r'\bdefects in epigenetics\b', ",NA,NA,
gene_transcription,"r'\bgene transcription\b', r'\bgenetic transcription\b', r'\btranscriptional alterations\b', r'\brna transcription\b', r'\btranscriptional changes\b', r'\btranscriptional modifications\b', r'\bribonucleic acid transcription\b', r'\btranscription of rna\b', r'\btranscription of genes\b', r'\btranscription of ribonucleic acids\b', r'\btranscription of ribonucleinicum\b', ",NA,NA,
non_coding_RNA,"r'\bnon coding rna\b', r'\bnon peptide coding rna\b', r'\bnoncoding rna\b', r'\bnontranslated rna\b', r'\bnpcrna\b', r'\bnon protein coding rna\b', r'\buntranslated rna\b', r'\bfunctional rna\b', r'\bncrna\b', r'\bnon coding rnas\b', r'\bnon peptide coding rnas\b', r'\bnoncoding rnas\b', r'\bnontranslated rnas\b', r'\bnon protein coding rnas\b', r'\buntranslated rnas\b', r'\bfunctional rnas\b', r'\bnon coding ribonucleic acid\b', r'\bnon peptide coding ribonucleic acid\b', r'\bnoncoding ribonucleic acid\b', r'\bnontranslated ribonucleic acid\b', r'\bnon protein coding ribonucleic acid\b', r'\buntranslated ribonucleic acid\b', r'\bfunctional ribonucleic acid\b', r'\bnon coding ribonucleic acids\b', r'\bnon peptide coding ribonucleic acids\b', r'\bnoncoding ribonucleic acids\b', r'\bnontranslated ribonucleic acids\b', r'\bnon protein coding ribonucleic acids\b', r'\buntranslated ribonucleic acids\b', r'\bfunctional ribonucleic acids\b', r'\bnon coding ribonucleinicum acidum\b', r'\bnon peptide coding ribonucleinicum acidum\b', r'\bnoncoding ribonucleinicum acidum\b', r'\bnontranslated ribonucleinicum acidum\b', r'\bnon protein coding ribonucleinicum acidum\b', r'\buntranslated ribonucleinicum acidum\b', r'\bfunctional ribonucleinicum acidum\b', ",NA,NA,
microRNA,"r'\bmicrorna\b', r'\bmirna\b', r'\bmicro rna\b', r'\bmicrornas\b', r'\bmirnas\b', r'\bmicro rnas\b', r'\bmicro ribonucleic acid or micro ribonucleic acids\b', r'\bmicro ribonucleinicum acidum\b', ",NA,NA,
coding_RNA,"r'\bcoding rna\b', r'\btranslated rna\b', r'\bcoding rnas\b', r'\btranslated rnas\b', r'\bcoding ribonucleic acid\b', r'\btranslated ribonucleic acid\b', r'\bcoding ribonucleic acids\b', r'\btranslated ribonucleic acids\b', r'\bcoding ribonucleinicum acidum\b', r'\btranslated ribonucleinicum acidum\b'",NA,NA,
loss_of_proteostasis_all,NA,"r'\bprotein homeostasis\b', r'\bproteostasis\b', r'\bproteostases\b', r'\bendoplasmic reticulum stress\b', r'\bendoplasmic reticulum stresses\b', r'\bergastoplasm stress\b', r'\bergastoplasm stresses\b', r'\ber stress\b', r'\ber stresses\b', r'\bresponse to unfolded protein\b', r'\bunfolded protein response\b', r'\bunfolded protein responses\b', r'\bupr\b', r'\bproteolysis\b', r'\bprotein degradation\b', r'\bprotein degradations\b', r'\bprotein cleavage\b', r'\bproteolytic\b', r'\bproteasome activity\b', r'\bautophagy\b', r'\bmacro autophagy\b', r'\bmacroautophagy\b', r'\bautophagocytosis\b', r'\bautophagies\b', r'\bmacroautophagies\b', r'\bprotein aggregates\b', r'\bprotein aggregation\b', r'\bmisfolding of proteins\b', r'\baggregation of proteins\b', r'\baggregates of proteins\b', r'\baggregated proteins\b', r'\bmisfolded proteins\b', r'\bchaperone\b', r'\bchaperones\b', r'\bproteasome\b', r'\bproteasomes\b'","﻿LOP_sent_new = search_synonyms([r'\bprotein homeostasis\b', r'\bproteostasis\b', r'\bproteostases\b', r'\bendoplasmic reticulum stress\b', r'\bendoplasmic reticulum stresses\b', r'\bergastoplasm stress\b', r'\bergastoplasm stresses\b', r'\ber stress\b', r'\ber stresses\b', r'\bresponse to unfolded protein\b', r'\bunfolded protein response\b', r'\bunfolded protein responses\b', r'\bupr\b', r'\bproteolysis\b', r'\bprotein degradation\b', r'\bprotein degradations\b', r'\bprotein cleavage\b', r'\bproteolytic\b', r'\bproteasome activity\b', r'\bautophagy\b', r'\bmacro autophagy\b', r'\bmacroautophagy\b', r'\bautophagocytosis\b', r'\bautophagies\b', r'\bmacroautophagies\b', r'\bprotein aggregates\b', r'\bprotein aggregation\b', r'\bmisfolding of proteins\b', r'\baggregation of proteins\b', r'\baggregates of proteins\b', r'\baggregated proteins\b', r'\bmisfolded proteins\b', r'\bchaperone\b', r'\bchaperones\b', r'\bproteasome\b', r'\bproteasomes\b'], ""loss_of_proteostasis"")",
loss_of_proteostasis,"r'\bprotein homeostasis\b', r'\bproteostasis\b', r'\bproteostases\b', ",NA,NA,
endoplasmic_reticulum_stress,"r'\bendoplasmic reticulum stress\b', r'\bendoplasmic reticulum stresses\b', r'\bergastoplasm stress\b', r'\bergastoplasm stresses\b', r'\ber stress\b', r'\ber stresses\b', ",NA,NA,
unfolded_protein_response,"r'\bresponse to unfolded protein\b', r'\bunfolded protein response\b', r'\bunfolded protein responses\b', r'\bupr\b', ",NA,NA,
proteolysis,"r'\bproteolysis\b', r'\bprotein degradation\b', r'\bprotein degradations\b', r'\bprotein cleavage\b', r'\bproteolytic\b', r'\bproteasome activity\b', ",NA,NA,
autophagy,"r'\bautophagy\b', r'\bmacro autophagy\b', r'\bmacroautophagy\b', r'\bautophagocytosis\b', r'\bautophagies\b', r'\bmacroautophagies\b', ",NA,NA,
protein_aggregation,"r'\bprotein aggregates\b', r'\bprotein aggregation\b', r'\bmisfolding of proteins\b', r'\baggregation of proteins\b', r'\baggregates of proteins\b', r'\baggregated proteins\b', r'\bmisfolded proteins\b', ",NA,NA,
chaperone,"r'\bchaperone\b', r'\bchaperones\b', ",NA,NA,
proteasome,"r'\bproteasome\b', r'\bproteasomes\b'",NA,NA,
deregulated_nutrient_sensing_all ,NA,"r'\binsulin resistance\b', r'\bresistance to insulin\b', r'\bintolerance to glucose\b', r'\bglucose intolerance\b', r'\bdyslipidemia\b', r'\bdyslipidemias\b', r'\bdyslipidaemia\b', r'\bdyslipidaemias\b', r'\b5 adenosine monophosphate activated kinase\b', r'\b5 adenosine monophosphate activated kinases\b', r'\b5 adenosine monophosphate activated protese\b', r'\b5 adenosin kinaine monophosphate activated protein kinases\b', r'\b5adenosine monophosphate activated kinase\b', r'\b5adenosine monophosphate activated kinases\b', r'\b5adenosine monophosphate activated protese\b', r'\b5adenosin kinaine monophosphate activated protein kinases\b', r'\bamp activated kinase\b', r'\bamp activated kinases\b', r'\bamp activated protein kinases\b', r'\bamp activated protein kinase\b', r'\badenosine monophosphate activated kinase\b', r'\badenosine monophosphate activated kinases\b', r'\badenosine monophosphate activated protein kinase\b', r'\badenosine monophosphate activated protein kinases\b', r'\bampk\b', r'\bprkaa\b', r'\bsirt1\b', r'\bsirtuin 1\b', r'\bsilent mating type information regulation 2 homolog 1\b', r'\bmtorc1\b', r'\bmtor complex 1\b', r'\btorc1\b', r'\btor complex 1\b', r'\btor complex location 1\b', r'\btorc 1\b', r'\brapamycin and nutrient sensitive tor complex\b', r'\btarget of rapamycin complex 1\b', r'\btarget of rapamycin complex\b', r'\binsulin igf 1 signaling\b', r'\binsulin igf 1 signalling\b', r'\binsulin insulin like growth factor signalling\b', r'\binsulin insulin like growth factor signaling\b', r'\binsulin igf signaling\b', r'\binsulin igf signalling\b', r'\binsulin insulin like growth factor 1 signalling\b', r'\binsulin insulin like growth factor 1 signaling\b', r'\binsulin insulin like growth factor1 signalling\b', r'\binsulin insulin like growth factor1 signaling\b', r'\binsulin igf1 signaling\b', r'\binsulin igf1 signalling\b', r'\biis signaling\b', r'\biis signalling\b', r'\bnutrient detection\b', r'\bnutrient sensing\b', r'\bnutrient perception\b', r'\bperception of nutrients\b', r'\bdetection of nutrients\b', r'\bsensing of nutrients\b', r'\bnutrient detection pathways\b', r'\bnutrient sensing pathways\b', r'\bnutrient perception pathways\b', r'\bnutrient detection pathway\b', r'\bnutrient sensing pathway\b', r'\bnutrient perception pathway\b'","﻿DNS_sent_new = search_synonyms([r'\binsulin resistance\b', r'\bresistance to insulin\b', r'\bintolerance to glucose\b', r'\bglucose intolerance\b', r'\bdyslipidemia\b', r'\bdyslipidemias\b', r'\bdyslipidaemia\b', r'\bdyslipidaemias\b', r'\b5 adenosine monophosphate activated kinase\b', r'\b5 adenosine monophosphate activated kinases\b', r'\b5 adenosine monophosphate activated protese\b', r'\b5 adenosin kinaine monophosphate activated protein kinases\b', r'\b5adenosine monophosphate activated kinase\b', r'\b5adenosine monophosphate activated kinases\b', r'\b5adenosine monophosphate activated protese\b', r'\b5adenosin kinaine monophosphate activated protein kinases\b', r'\bamp activated kinase\b', r'\bamp activated kinases\b', r'\bamp activated protein kinases\b', r'\bamp activated protein kinase\b', r'\badenosine monophosphate activated kinase\b', r'\badenosine monophosphate activated kinases\b', r'\badenosine monophosphate activated protein kinase\b', r'\badenosine monophosphate activated protein kinases\b', r'\bampk\b', r'\bprkaa\b', r'\bsirt1\b', r'\bsirtuin 1\b', r'\bsilent mating type information regulation 2 homolog 1\b', r'\bmtorc1\b', r'\bmtor complex 1\b', r'\btorc1\b', r'\btor complex 1\b', r'\btor complex location 1\b', r'\btorc 1\b', r'\brapamycin and nutrient sensitive tor complex\b', r'\btarget of rapamycin complex 1\b', r'\btarget of rapamycin complex\b', r'\binsulin igf 1 signaling\b', r'\binsulin igf 1 signalling\b', r'\binsulin insulin like growth factor signalling\b', r'\binsulin insulin like growth factor signaling\b', r'\binsulin igf signaling\b', r'\binsulin igf signalling\b', r'\binsulin insulin like growth factor 1 signalling\b', r'\binsulin insulin like growth factor 1 signaling\b', r'\binsulin insulin like growth factor1 signalling\b', r'\binsulin insulin like growth factor1 signaling\b', r'\binsulin igf1 signaling\b', r'\binsulin igf1 signalling\b', r'\biis signaling\b', r'\biis signalling\b', r'\bnutrient detection\b', r'\bnutrient sensing\b', r'\bnutrient perception\b', r'\bperception of nutrients\b', r'\bdetection of nutrients\b', r'\bsensing of nutrients\b', r'\bnutrient detection pathways\b', r'\bnutrient sensing pathways\b', r'\bnutrient perception pathways\b', r'\bnutrient detection pathway\b', r'\bnutrient sensing pathway\b', r'\bnutrient perception pathway\b'], ""deregulated_nutrient_sensing"")","r'\binsulin resistance\b', r'\bresistance to insulin\b', r'\bintolerance to glucose\b', r'\bglucose intolerance\b', r'\bdyslipidemia\b', r'\bdyslipidemias\b', r'\bdyslipidaemia\b', r'\bdyslipidaemias\b', r'\b5 adenosine monophosphate activated kinase\b', r'\b5 adenosine monophosphate activated kinases\b', r'\b5 adenosine monophosphate activated protese\b', r'\b5 adenosin kinaine monophosphate activated protein kinases\b', r'\b5adenosine monophosphate activated kinase\b', r'\b5adenosine monophosphate activated kinases\b', r'\b5adenosine monophosphate activated protese\b', r'\b5adenosin kinaine monophosphate activated protein kinases\b', r'\bamp activated kinase\b', r'\bamp activated kinases\b', r'\bamp activated protein kinases\b', r'\bamp activated protein kinase\b', r'\badenosine monophosphate activated kinase\b', r'\badenosine monophosphate activated kinases\b', r'\badenosine monophosphate activated protein kinase\b', r'\badenosine monophosphate activated protein kinases\b', r'\bampk\b', r'\bprkaa\b', r'\bsirt1\b', r'\bsirtuin 1\b', r'\bsilent mating type information regulation 2 homolog 1\b', r'\bmtorc1\b', r'\bmtor complex 1\b', r'\btorc1\b', r'\btor complex 1\b', r'\btor complex location 1\b', r'\btorc 1\b', r'\brapamycin and nutrient sensitive tor complex\b', r'\btarget of rapamycin complex 1\b', r'\btarget of rapamycin complex\b', r'\binsulin igf 1 signaling\b', r'\binsulin igf 1 signalling\b', r'\binsulin insulin like growth factor signalling\b', r'\binsulin insulin like growth factor signaling\b', r'\binsulin igf signaling\b', r'\binsulin igf signalling\b', r'\binsulin insulin like growth factor 1 signalling\b', r'\binsulin insulin like growth factor 1 signaling\b', r'\binsulin insulin like growth factor1 signalling\b', r'\binsulin insulin like growth factor1 signaling\b', r'\binsulin igf1 signaling\b', r'\binsulin igf1 signalling\b', r'\biis signaling\b', r'\biis signalling\b', r'\bnutrient detection\b', r'\bnutrient sensing\b', r'\bnutrient perception\b', r'\bperception of nutrients\b', r'\bdetection of nutrients\b', r'\bsensing of nutrients\b', r'\bnutrient detection pathways\b', r'\bnutrient sensing pathways\b', r'\bnutrient perception pathways\b', r'\bnutrient detection pathway\b', r'\bnutrient sensing pathway\b', r'\bnutrient perception pathway\b'"
insulin_resistance,"r'\binsulin resistance\b', r'\bresistance to insulin\b', r'\bintolerance to glucose\b', r'\bglucose intolerance\b', ",NA,NA,
dyslipidemia,"r'\bdyslipidemia\b', r'\bdyslipidemias\b', r'\bdyslipidaemia\b', r'\bdyslipidaemias\b', ",NA,NA,
AMPK,"r'\b5 adenosine monophosphate activated kinase\b', r'\b5 adenosine monophosphate activated kinases\b', r'\b5 adenosine monophosphate activated protese\b', r'\b5 adenosin kinaine monophosphate activated protein kinases\b', r'\b5adenosine monophosphate activated kinase\b', r'\b5adenosine monophosphate activated kinases\b', r'\b5adenosine monophosphate activated protese\b', r'\b5adenosin kinaine monophosphate activated protein kinases\b', r'\bamp activated kinase\b', r'\bamp activated kinases\b', r'\bamp activated protein kinases\b', r'\bamp activated protein kinase\b', r'\badenosine monophosphate activated kinase\b', r'\badenosine monophosphate activated kinases\b', r'\badenosine monophosphate activated protein kinase\b', r'\badenosine monophosphate activated protein kinases\b', r'\bampk\b', r'\bprkaa\b', ",NA,NA,
sirtuin 1,"r'\bsirt1\b', r'\bsirtuin 1\b', r'\bsilent mating type information regulation 2 homolog 1\b', ",NA,NA,
mTORC1,"r'\bmtorc1\b', r'\bmtor complex 1\b', r'\btorc1\b', r'\btor complex 1\b', r'\btor complex location 1\b', r'\btorc 1\b', r'\brapamycin and nutrient sensitive tor complex\b', r'\btarget of rapamycin complex 1\b', r'\btarget of rapamycin complex\b', ",NA,NA,
IIS_signalling,"r'\binsulin igf 1 signaling\b', r'\binsulin igf 1 signalling\b', r'\binsulin insulin like growth factor signalling\b', r'\binsulin insulin like growth factor signaling\b', r'\binsulin igf signaling\b', r'\binsulin igf signalling\b', r'\binsulin insulin like growth factor 1 signalling\b', r'\binsulin insulin like growth factor 1 signaling\b', r'\binsulin insulin like growth factor1 signalling\b', r'\binsulin insulin like growth factor1 signaling\b', r'\binsulin igf1 signaling\b', r'\binsulin igf1 signalling\b', r'\biis signaling\b', r'\biis signalling\b', ",NA,NA,
deregulated_nutrient_sensing,"r'\bnutrient detection\b', r'\bnutrient sensing\b', r'\bnutrient perception\b', r'\bperception of nutrients\b', r'\bdetection of nutrients\b', r'\bsensing of nutrients\b', ",NA,NA,
nutrient_sensing_pathways,"r'\bnutrient detection pathways\b', r'\bnutrient sensing pathways\b', r'\bnutrient perception pathways\b', r'\bnutrient detection pathway\b', r'\bnutrient sensing pathway\b', r'\bnutrient perception pathway\b'",NA,NA,
mitochondrial_dysfunction_all,NA,"r'\bimpaired mitochondrial function\b', r'\bmitochondrial dysfunction\b', r'\bdysfunction of mitochondria\b', r'\bdysfunctional mitochondria\b', r'\bmitochondrial deterioration\b', r'\bdeterioration of the mitochondria\b', r'\bmitochondrial degeneration\b', r'\bdegeneration of mitcohondria\b', r'\bmitochondrial deficiencies\b', r'\bmitochondrial decline\b', r'\bdecline in mitochondrial function\b', r'\bmitochondrial toxicity\b', r'\bmitochondrial damage\b', r'\btoxic to mitochondria\b', r'\bdamages mitochondria\b', r'\bdamage to mitochondria\b', r'\boxygen radicals\b', r'\boxygen radical\b', r'\boxygen reactive species\b', r'\bpro oxidant\b', r'\breactive oxygen species\b', r'\bpro oxidants\b', r'\bactive oxygen\b', r'\bros\b', r'\bmitochondrial bioenergetics\b', r'\bmitochondrial bioenergetic\b', r'\bmitochondria bioenergetics\b', r'\bmitochondria bioenergetic\b', r'\bmitochondrial turnover\b', r'\bturnover of mitochondria\b', r'\bmitochondria turnover\b', r'\bmitochondrial biogenesis\b', r'\bbiogenesis of mitochondria\b', r'\bmitochondria biogenesis\b', r'\bmitochondrial degradation\b', r'\bdegradation of mitochondria\b', r'\bmitochondria degradation\b', r'\bmitophagy\b', r'\bautophagy of mitochondrion\b', r'\bmacromitophagy\b', r'\bmitochondrion autophagy\b', r'\bmitochondria autophagy\b', r'\bmitochondrial dynamics\b', r'\bmitochondrial dynamic\b', r'\bmitochondrial fission\b', r'\bmitochondrial division\b', r'\bmitochondrion in division\b', r'\bmitochondrial fissions\b', r'\bmitochondrial fusion\b', r'\bmitochondrial fusions\b', r'\bmitochondria dynamics\b', r'\bmitochondria fussion\b', r'\bmitochondria division\b', r'\bmitochondria in division\b', r'\bmitochondria fission\b', r'\bmitochondria fusion\b', r'\bmitochondria fusions\b', r'\belectron transport chain\b', r'\brespiratory chain\b', r'\bcitric acid cycle\b', r'\bcitric acid cycles\b', r'\bkrebs cycle\b', r'\btricarboxylic acid cycle\b', r'\btricarboxylic acid cycles\b', r'\btca cycle\b', r'\bacid citric cycle\b', r'\bcycle kreb\b', r'\bcycle krebs\b', r'\bcycles krebs\b', r'\bkreb cycle\b'","﻿MD_sent_new = search_synonyms([r'\bimpaired mitochondrial function\b', r'\bmitochondrial dysfunction\b', r'\bdysfunction of mitochondria\b', r'\bdysfunctional mitochondria\b', r'\bmitochondrial deterioration\b', r'\bdeterioration of the mitochondria\b', r'\bmitochondrial degeneration\b', r'\bdegeneration of mitcohondria\b', r'\bmitochondrial deficiencies\b', r'\bmitochondrial decline\b', r'\bdecline in mitochondrial function\b', r'\bmitochondrial toxicity\b', r'\bmitochondrial damage\b', r'\btoxic to mitochondria\b', r'\bdamages mitochondria\b', r'\bdamage to mitochondria\b', r'\boxygen radicals\b', r'\boxygen radical\b', r'\boxygen reactive species\b', r'\bpro oxidant\b', r'\breactive oxygen species\b', r'\bpro oxidants\b', r'\bactive oxygen\b', r'\bros\b', r'\bmitochondrial bioenergetics\b', r'\bmitochondrial bioenergetic\b', r'\bmitochondria bioenergetics\b', r'\bmitochondria bioenergetic\b', r'\bmitochondrial turnover\b', r'\bturnover of mitochondria\b', r'\bmitochondria turnover\b', r'\bmitochondrial biogenesis\b', r'\bbiogenesis of mitochondria\b', r'\bmitochondria biogenesis\b', r'\bmitochondrial degradation\b', r'\bdegradation of mitochondria\b', r'\bmitochondria degradation\b', r'\bmitophagy\b', r'\bautophagy of mitochondrion\b', r'\bmacromitophagy\b', r'\bmitochondrion autophagy\b', r'\bmitochondria autophagy\b', r'\bmitochondrial dynamics\b', r'\bmitochondrial dynamic\b', r'\bmitochondrial fission\b', r'\bmitochondrial division\b', r'\bmitochondrion in division\b', r'\bmitochondrial fissions\b', r'\bmitochondrial fusion\b', r'\bmitochondrial fusions\b', r'\bmitochondria dynamics\b', r'\bmitochondria fussion\b', r'\bmitochondria division\b', r'\bmitochondria in division\b', r'\bmitochondria fission\b', r'\bmitochondria fusion\b', r'\bmitochondria fusions\b', r'\belectron transport chain\b', r'\brespiratory chain\b', r'\bcitric acid cycle\b', r'\bcitric acid cycles\b', r'\bkrebs cycle\b', r'\btricarboxylic acid cycle\b', r'\btricarboxylic acid cycles\b', r'\btca cycle\b', r'\bacid citric cycle\b', r'\bcycle kreb\b', r'\bcycle krebs\b', r'\bcycles krebs\b', r'\bkreb cycle\b'], ""mitochondrial_dysfunction"")",
mitochondrial_dysfunction ,"r'\bimpaired mitochondrial function\b', r'\bmitochondrial dysfunction\b', r'\bdysfunction of mitochondria\b', r'\bdysfunctional mitochondria\b', r'\bmitochondrial deterioration\b', r'\bdeterioration of the mitochondria\b', r'\bmitochondrial degeneration\b', r'\bdegeneration of mitcohondria\b', r'\bmitochondrial deficiencies\b', r'\bmitochondrial decline\b', r'\bdecline in mitochondrial function\b', ",NA,NA,
mitochondrial_toxicity ,"r'\bmitochondrial toxicity\b', r'\bmitochondrial damage\b', r'\btoxic to mitochondria\b', r'\bdamages mitochondria\b', r'\bdamage to mitochondria\b', ",NA,NA,
ROS,"r'\boxygen radicals\b', r'\boxygen radical\b', r'\boxygen reactive species\b', r'\bpro oxidant\b', r'\breactive oxygen species\b', r'\bpro oxidants\b', r'\bactive oxygen\b', r'\bros\b', ",NA,NA,
mitochondrial_bioenergetics,"r'\bmitochondrial bioenergetics\b', r'\bmitochondrial bioenergetic\b', r'\bmitochondria bioenergetics\b', r'\bmitochondria bioenergetic\b', ",NA,NA,
mitochondrial_turnover,"r'\bmitochondrial turnover\b', r'\bturnover of mitochondria\b', r'\bmitochondria turnover\b', ",NA,NA,
mitochondrial_biogenesis,"r'\bmitochondrial biogenesis\b', r'\bbiogenesis of mitochondria\b', r'\bmitochondria biogenesis\b', ",NA,NA,
mitochondrial_degradation,"r'\bmitochondrial degradation\b', r'\bdegradation of mitochondria\b', r'\bmitochondria degradation\b', r'\bmitophagy\b', r'\bautophagy of mitochondrion\b', r'\bmacromitophagy\b', r'\bmitochondrion autophagy\b', r'\bmitochondria autophagy\b', ",NA,NA,
mitochondrial_dynamics,"r'\bmitochondrial dynamics\b', r'\bmitochondrial dynamic\b', r'\bmitochondrial fission\b', r'\bmitochondrial division\b', r'\bmitochondrion in division\b', r'\bmitochondrial fissions\b', r'\bmitochondrial fusion\b', r'\bmitochondrial fusions\b', r'\bmitochondria dynamics\b', r'\bmitochondria fussion\b', r'\bmitochondria division\b', r'\bmitochondria in division\b', r'\bmitochondria fission\b', r'\bmitochondria fusion\b', r'\bmitochondria fusions\b', ",NA,NA,
electron_transport_chain,"r'\belectron transport chain\b', r'\brespiratory chain\b', ",NA,NA,
krebs_cycle,"r'\bcitric acid cycle\b', r'\bcitric acid cycles\b', r'\bkrebs cycle\b', r'\btricarboxylic acid cycle\b', r'\btricarboxylic acid cycles\b', r'\btca cycle\b', r'\bacid citric cycle\b', r'\bcycle kreb\b', r'\bcycle krebs\b', r'\bcycles krebs\b', r'\bkreb cycle\b'",NA,NA,
cell_senescence_all,NA,"r'\bcell ageing\b', r'\bcellular ageing\b', r'\bcell aging\b', r'\bcellular aging\b', r'\bcell senescence\b', r'\baging cells\b', r'\bcellular senescence\b', r'\breplicative senescence\b', r'\bage cells\b', r'\bageing cell\b', r'\baging cell\b', r'\bcell age\b', r'\bsenescent cell\b', r'\bsenescent cells\b', r'\bimmunosenescence\b', r'\bimmunosenescent\b', r'\bsenescence associated secretory phenotype\b', r'\bsasp\b', r'\bsenescence marker\b', r'\bsenescence markers\b', r'\bmarkers of cellular senescence\b', r'\bmarker of cellular senescence\b', r'\bmarkers of senescence\b', r'\bmarker of senescence\b', r'\bmarkers of cell senescence\b', r'\bmarker of cell senescence\b'","﻿CS_sent_new = search_synonyms([r'\bcell ageing\b', r'\bcellular ageing\b', r'\bcell aging\b', r'\bcellular aging\b', r'\bcell senescence\b', r'\baging cells\b', r'\bcellular senescence\b', r'\breplicative senescence\b', r'\bage cells\b', r'\bageing cell\b', r'\baging cell\b', r'\bcell age\b', r'\bsenescent cell\b', r'\bsenescent cells\b', r'\bimmunosenescence\b', r'\bimmunosenescent\b', r'\bsenescence associated secretory phenotype\b', r'\bsasp\b', r'\bsenescence marker\b', r'\bsenescence markers\b', r'\bmarkers of cellular senescence\b', r'\bmarker of cellular senescence\b', r'\bmarkers of senescence\b', r'\bmarker of senescence\b', r'\bmarkers of cell senescence\b', r'\bmarker of cell senescence\b'], ""cellular_senescence"")",
cellular_senescence,"r'\bcell ageing\b', r'\bcellular ageing\b', r'\bcell aging\b', r'\bcellular aging\b', r'\bcell senescence\b', r'\baging cells\b', r'\bcellular senescence\b', r'\breplicative senescence\b', r'\bage cells\b', r'\bageing cell\b', r'\baging cell\b', r'\bcell age\b', r'\bsenescent cell\b', r'\bsenescent cells\b', ",NA,NA,
immunosenescence,"r'\bimmunosenescence\b', r'\bimmunosenescent\b', ",NA,NA,
SASP,"r'\bsenescence associated secretory phenotype\b', r'\bsasp\b', ",NA,NA,
senescence_markers,"r'\bsenescence marker\b', r'\bsenescence markers\b', r'\bmarkers of cellular senescence\b', r'\bmarker of cellular senescence\b', r'\bmarkers of senescence\b', r'\bmarker of senescence\b', r'\bmarkers of cell senescence\b', r'\bmarker of cell senescence\b'",NA,NA,
stem_cell_exhaustion_all,NA,"r'\bstem cell\b', r'\bstem cells\b', r'\bcells stems\b', r'\bprogenitor cell\b', r'\bprogenitor cells\b', r'\bcell progenitor\b', r'\bcell progenitors\b'","﻿SCE_sent_new = search_synonyms([r'\bstem cell\b', r'\bstem cells\b', r'\bcells stems\b', r'\bprogenitor cell\b', r'\bprogenitor cells\b', r'\bcell progenitor\b', r'\bcell progenitors\b'], ""stem_cell_exhaustion"")",
stem_cell_exhaustion_and_stem_cell_self_renewal_and_differentiation,"r'\bstem cell\b', r'\bstem cells\b', r'\bcells stems\b', ",NA,NA,
progenitor_cell,"r'\bprogenitor cell\b', r'\bprogenitor cells\b', r'\bcell progenitor\b', r'\bcell progenitors\b'",NA,NA,
altered_intercellular_comm_all,NA,"r'\binflammaging\b', r'\binflammageing\b', r'\binflamm aging\b', r'\binflamm ageing\b', r'\binflammation\b', r'\binflammations\b', r'\binflammatory condition\b', r'\bintercellular communication\b', r'\bcell cell signaling\b', r'\bcell cell signalling\b', r'\bcell cell communication\b', r'\bcell to cell signaling\b', r'\bcell to cell signalling\b', r'\bcell to cell communication\b', r'\bshort range multicellular communication\b', r'\bsignalling between cells\b', r'\bsignalling between cells\b', r'\bcommunication between cells\b', r'\bhormone signal\b', r'\bendocrine signal\b', r'\bhormonal signal\b', r'\bhormone signals\b', r'\bendocrine signals\b', r'\bhormonal signals\b', r'\bhormone signaling\b', r'\bendocrine signaling\b', r'\bhormonal signaling\b', r'\bhormone signalling\b', r'\bendocrine signalling\b', r'\bhormonal signalling\b', r'\binflammatory signal\b', r'\binflammatory conditions\b', r'\binflammatory signals\b', r'\binflammatory signalling\b', r'\binflammatory signaling\b', r'\bneural signal\b', r'\bneural signals\b', r'\bneural signalling\b', r'\bneural signaling\b', r'\bneuronal signal\b', r'\bneuronal signals\b', r'\bneuronal signalling\b', r'\bneuronal signaling\b', r'\bnerve signal\b', r'\bnerve signals\b', r'\bnerve signalling\b', r'\bnerve signaling\b', r'\bneurotransmission\b', r'\bsynaptic transmission\b', r'\bnerve transmission\b', r'\bnerve impulse transmission\b', r'\bneural transmission\b', r'\bneurotransmissions\b', r'\bconduction of nerve impulse\b', r'\bsignal transmission across a synapse\b', r'\bsignal transmission along a neuron\b', r'\btransmission of nerve impulse\b', r'\bneuronal transmission\b', r'\bneural signal transduction\b', r'\bnerve signal transduction\b', r'\bnerve transmitter substances\b', r'\bnerve transmitter substance\b', r'\bneurotransmitter\b', r'\bneurotransmitters\b', r'\bneurosteroids\b', r'\bneurosteroid\b', r'\bneuroregulators\b', r'\bneuroregulator\b', r'\bneurohumors\b', r'\bneurohumor\b', r'\bneuromodulaters\b', r'\bneuromodulator\b', r'\bneurohormones\b', r'\bneurohormone\b', r'\bendocrine gland secretion\b', r'\bendocrine gland secretions\b', r'\bhormone\b', r'\bhormones\b', r'\bhormonal\b'","﻿AIC_sent_new = search_synonyms([r'\binflammaging\b', r'\binflammageing\b', r'\binflamm aging\b', r'\binflamm ageing\b', r'\binflammation\b', r'\binflammations\b', r'\binflammatory condition\b', r'\bintercellular communication\b', r'\bcell cell signaling\b', r'\bcell cell signalling\b', r'\bcell cell communication\b', r'\bcell to cell signaling\b', r'\bcell to cell signalling\b', r'\bcell to cell communication\b', r'\bshort range multicellular communication\b', r'\bsignalling between cells\b', r'\bsignalling between cells\b', r'\bcommunication between cells\b', r'\bhormone signal\b', r'\bendocrine signal\b', r'\bhormonal signal\b', r'\bhormone signals\b', r'\bendocrine signals\b', r'\bhormonal signals\b', r'\bhormone signaling\b', r'\bendocrine signaling\b', r'\bhormonal signaling\b', r'\bhormone signalling\b', r'\bendocrine signalling\b', r'\bhormonal signalling\b', r'\binflammatory signal\b', r'\binflammatory conditions\b', r'\binflammatory signals\b', r'\binflammatory signalling\b', r'\binflammatory signaling\b', r'\bneural signal\b', r'\bneural signals\b', r'\bneural signalling\b', r'\bneural signaling\b', r'\bneuronal signal\b', r'\bneuronal signals\b', r'\bneuronal signalling\b', r'\bneuronal signaling\b', r'\bnerve signal\b', r'\bnerve signals\b', r'\bnerve signalling\b', r'\bnerve signaling\b', r'\bneurotransmission\b', r'\bsynaptic transmission\b', r'\bnerve transmission\b', r'\bnerve impulse transmission\b', r'\bneural transmission\b', r'\bneurotransmissions\b', r'\bconduction of nerve impulse\b', r'\bsignal transmission across a synapse\b', r'\bsignal transmission along a neuron\b', r'\btransmission of nerve impulse\b', r'\bneuronal transmission\b', r'\bneural signal transduction\b', r'\bnerve signal transduction\b', r'\bnerve transmitter substances\b', r'\bnerve transmitter substance\b', r'\bneurotransmitter\b', r'\bneurotransmitters\b', r'\bneurosteroids\b', r'\bneurosteroid\b', r'\bneuroregulators\b', r'\bneuroregulator\b', r'\bneurohumors\b', r'\bneurohumor\b', r'\bneuromodulaters\b', r'\bneuromodulator\b', r'\bneurohormones\b', r'\bneurohormone\b', r'\bendocrine gland secretion\b', r'\bendocrine gland secretions\b', r'\bhormone\b', r'\bhormones\b', r'\bhormonal\b'], ""altered_intercellular_communication"")",
inflammaging,"r'\binflammaging\b', r'\binflammageing\b', r'\binflamm aging\b', r'\binflamm ageing\b', ",NA,NA,
inflammation,"r'\binflammation\b', r'\binflammations\b', r'\binflammatory condition\b', ",NA,NA,
altered_intercellular_comm,"r'\bintercellular communication\b', r'\bcell cell signaling\b', r'\bcell cell signalling\b', r'\bcell cell communication\b', r'\bcell to cell signaling\b', r'\bcell to cell signalling\b', r'\bcell to cell communication\b', r'\bshort range multicellular communication\b', r'\bsignalling between cells\b', r'\bsignalling between cells\b', r'\bcommunication between cells\b', ",NA,NA,
hormonal_signalling,"r'\bhormone signal\b', r'\bendocrine signal\b', r'\bhormonal signal\b', r'\bhormone signals\b', r'\bendocrine signals\b', r'\bhormonal signals\b', r'\bhormone signaling\b', r'\bendocrine signaling\b', r'\bhormonal signaling\b', r'\bhormone signalling\b', r'\bendocrine signalling\b', r'\bhormonal signalling\b', ",NA,NA,
inflammatory_signalling,"r'\binflammatory signal\b', r'\binflammatory conditions\b', r'\binflammatory signals\b', r'\binflammatory signalling\b', r'\binflammatory signaling\b', ",NA,NA,
neural_signalling,"r'\bneural signal\b', r'\bneural signals\b', r'\bneural signalling\b', r'\bneural signaling\b', r'\bneuronal signal\b', r'\bneuronal signals\b', r'\bneuronal signalling\b', r'\bneuronal signaling\b', r'\bnerve signal\b', r'\bnerve signals\b', r'\bnerve signalling\b', r'\bnerve signaling\b', r'\bneurotransmission\b', r'\bsynaptic transmission\b', r'\bnerve transmission\b', r'\bnerve impulse transmission\b', r'\bneural transmission\b', r'\bneurotransmissions\b', r'\bconduction of nerve impulse\b', r'\bsignal transmission across a synapse\b', r'\bsignal transmission along a neuron\b', r'\btransmission of nerve impulse\b', r'\bneuronal transmission\b', r'\bneural signal transduction\b', r'\bnerve signal transduction\b', ",NA,NA,
hormones,"r'\bnerve transmitter substances\b', r'\bnerve transmitter substance\b', r'\bneurotransmitter\b', r'\bneurotransmitters\b', r'\bneurosteroids\b', r'\bneurosteroid\b', r'\bneuroregulators\b', r'\bneuroregulator\b', r'\bneurohumors\b', r'\bneurohumor\b', r'\bneuromodulaters\b', r'\bneuromodulator\b', r'\bneurohormones\b', r'\bneurohormone\b', ",NA,NA,
neurotransmitters,"r'\bendocrine gland secretion\b', r'\bendocrine gland secretions\b', r'\bhormone\b', r'\bhormones\b', r'\bhormonal\b'",NA,NA,