DiseaseName_ARD_Paper,MESH_ID,Category,Likelihood.disease.is.ageing.related,Name_node,Phenotyping_Algorithms,MESH_Term,All_MESH,All_MESH_Terms
Abdominal Aortic Aneurysm,MESH:D017544,Cardiovascular,High,aaa,Abdominal Aortic Aneurysm,"Aortic Aneurysm, Abdominal",MESH:D017544,"Aortic Aneurysm, Abdominal"
Abdominal Hernia,MESH:D046449,Digestive,High,hernia_abdo,Abdominal Hernia,"Hernia, Abdominal",MESH:D006552,"Hernia, Inguinal"
Abdominal Hernia,MESH:D046449,Digestive,High,hernia_abdo,Abdominal Hernia,"Hernia, Abdominal",MESH:D006554,"Hernia, Umbilical"
Abdominal Hernia,MESH:D046449,Digestive,High,hernia_abdo,Abdominal Hernia,"Hernia, Abdominal",MESH:D006550,"Hernia, Femoral"
Abdominal Hernia,MESH:D046449,Digestive,High,hernia_abdo,Abdominal Hernia,"Hernia, Abdominal",MESH:D006555,"Hernia, Ventral"
Abdominal Hernia,MESH:D046449,Digestive,High,hernia_abdo,Abdominal Hernia,"Hernia, Abdominal",MESH:D046449,"Hernia, Abdominal"
Actinic keratosis,MESH:D055623,Skin,High,act_keratosis,Actinic keratosis,"Keratosis, Actinic",MESH:D055623,"Keratosis, Actinic"
Acute Kidney Injury,MESH:D058186,Genitourinary,High,aki,Acute Kidney Injury,Acute Kidney Injury,MESH:D007683,"Kidney Tubular Necrosis, Acute"
Acute Kidney Injury,MESH:D058186,Genitourinary,High,aki,Acute Kidney Injury,Acute Kidney Injury,MESH:D058186,Acute Kidney Injury
Agranulocytosis,MESH:D000380,Haematological/ Immuunoligcal,High,agranulocytosis,Agranulocytosis,Agranulocytosis,MESH:D000380,Agranulocytosis
Agranulocytosis,MESH:D000380,Haematological/ Immuunoligcal,High,agranulocytosis,Agranulocytosis,Agranulocytosis,MESH:D009503,Neutropenia
Agranulocytosis,MESH:D000380,Haematological/ Immuunoligcal,High,agranulocytosis,Agranulocytosis,Agranulocytosis,MESH:D064147,Febrile Neutropenia
"Anaemia, other",MESH:D000740,Haematological/ Immuunoligcal,High,oth_anaemia,Anaemia - other,Anemia,MESH:D012010,"Red-Cell Aplasia, Pure"
"Anaemia, other",MESH:D000740,Haematological/ Immuunoligcal,High,oth_anaemia,Anaemia - other,Anemia,MESH:D000740,Anemia
Angiodysplasia of colon,MESH:D016888,Digestive,High,angio_colon,Angiodysplasia of colon,Angiodysplasia,MESH:D016888,Angiodysplasia
Anorectal Prolapse,MESH:D012005,Digestive,High,anorectal_prolapse,Anorectal Prolapse,Rectal Prolapse,MESH:D012005,Rectal Prolapse
Anterior Uveitis,MESH:D014606,Eye,High,ant_uveitis,Anterior Uveitis,"Uveitis, Anterior",MESH:D015863,Iridocyclitis
Anterior Uveitis,MESH:D014606,Eye,High,ant_uveitis,Anterior Uveitis,"Uveitis, Anterior",MESH:D014606,"Uveitis, Anterior"
Anterior Uveitis,MESH:D014606,Eye,High,ant_uveitis,Anterior Uveitis,"Uveitis, Anterior",MESH:D007500,Iritis
Aplastic Anaemia,MESH:D000741,Haematological/ Immuunoligcal,High,aplastic,Aplastic Anaemias,"Anemia, Aplastic",MESH:D005199,Fanconi Anemia
Aplastic Anaemia,MESH:D000741,Haematological/ Immuunoligcal,High,aplastic,Aplastic Anaemias,"Anemia, Aplastic",MESH:D029503,"Anemia, Diamond-Blackfan"
Aplastic Anaemia,MESH:D000741,Haematological/ Immuunoligcal,High,aplastic,Aplastic Anaemias,"Anemia, Aplastic",MESH:D029502,"Anemia, Hypoplastic, Congenital"
Aplastic Anaemia,MESH:D000741,Haematological/ Immuunoligcal,High,aplastic,Aplastic Anaemias,"Anemia, Aplastic",MESH:D000741,"Anemia, Aplastic"
Asbestosis,MESH:D001195,Respiratory,High,asbestosis,Asbestosis,Asbestosis,MESH:D001195,Asbestosis
Aspiration Pneumonitis,MESH:D011015,Respiratory,High,asp_pneumo,Aspiration pneumonitis,"Pneumonia, Aspiration",MESH:D011015,"Pneumonia, Aspiration"
Atrial Fibrillation,MESH:D001281,Cardiovascular,High,af,Atrial Fibrillation and flutter,Atrial Fibrillation,MESH:D001281,Atrial Fibrillation
Atrial Fibrillation,MESH:D001282,Cardiovascular,High,af,Atrial Fibrillation and flutter,Atrial Flutter,MESH:D001282,Atrial Flutter
"Atrioventricular Block, first degree",MESH:D054537,Cardiovascular,High,av_block_1,"Atrioventricular block, first degree",Atrioventricular Block,MESH:D054537,Atrioventricular Block
"Atrioventricular Block, second degree",MESH:D054537,Cardiovascular,High,av_block_2,"Atrioventricular Block, second degree",Atrioventricular Block,MESH:D054537,Atrioventricular Block
"Atrioventricular Block, third degree",MESH:D054537,Cardiovascular,High,av_block_3,"Atrioventricular block, third degree",Atrioventricular Block,MESH:D054537,Atrioventricular Block
Autoimmune liver disease,MESH:D019693,Digestive,High,autoimm_liver,Autoimmune liver disease,"Hepatitis, Autoimmune",MESH:D019693,"Hepatitis, Autoimmune"
Autonomic Neuropathy,UMLS:C0259749,Neurological,High,autonomic_neuro,Autonomic Neuropathy,Autonomic Neuropathy,UMLS:C0259749,Autonomic Neuropathy
Bacterial Infection,MESH:D001424,Infections,High,id_bacterial,Bacterial infections,Bacterial Infections,MESH:D016470,Bacteremia
Bacterial Infection,MESH:D001424,Infections,High,id_bacterial,Bacterial infections,Bacterial Infections,MESH:D001424,Bacterial Infections
Barrett's Oesophagus,MESH:D001471,Digestive,High,barretts,Barrett's Oesophagus¬†,Barrett Esophagus,MESH:D001471,Barrett Esophagus
Bell's Palsy,MESH:D020330,Neurological,High,bells,Bell's palsy,Bell Palsy,MESH:D020330,Bell Palsy
"Benign Neoplasm, Brain",MESH:D001932,Benign Neoplasm,High,benign_brain,Benign neoplasm - Brain,Brain Neoplasms,MESH:D001932,Brain Neoplasms
"Benign Neoplasm, Colon",MESH:D003110,Benign Neoplasm,High,benign_colon,Benign Neoplasm - Colon,Colonic Neoplasms,MESH:D003110,Colonic Neoplasms
"Benign Neoplasm, Colon",MESH:D003110,Benign Neoplasm,High,benign_colon,Benign Neoplasm - Colon,Colonic Neoplasms,MESH:D012811,Sigmoid Neoplasms
"Benign Neoplasm, Stomach",MESH:D013274,Benign Neoplasm,High,benign_stomach,Benign Neoplasm - Stomach,Stomach Neoplasms,MESH:D013274,Stomach Neoplasms
Benign Prostatic Hyperplasia,MESH:D011470,Genitourinary,High,bph,Benign Prostatic Hyperplasia,Prostatic Hyperplasia,MESH:D011470,Prostatic Hyperplasia
Bifascicular Block,UMLS:C0264914,Cardiovascular,High,bifasc_block,Bifascicular block,Bifascicular block,UMLS:C0264914,Bifascicular block
Blindness,MESH:D001766,Eye,High,blind,Blindness,Blindness,MESH:D019575,"Blindness, Cortical"
Blindness,MESH:D001766,Eye,High,blind,Blindness,Blindness,MESH:D054062,Deaf-Blind Disorders
Blindness,MESH:D001766,Eye,High,blind,Blindness,Blindness,MESH:D001766,Blindness
Bronchiectasis,MESH:D001987,Respiratory,High,bronchiectasis,Bronchiectasis,Bronchiectasis,MESH:D007619,Kartagener Syndrome
Bronchiectasis,MESH:D001987,Respiratory,High,bronchiectasis,Bronchiectasis,Bronchiectasis,MESH:D001987,Bronchiectasis
"Cardiomyopathy, other",MESH:D009202,Cardiovascular,High,cardiomyo_oth,Cardiomyopathy - other,Cardiomyopathies,MESH:D002313,"Cardiomyopathy, Restrictive"
"Cardiomyopathy, other",MESH:D009202,Cardiovascular,High,cardiomyo_oth,Cardiomyopathy - other,Cardiomyopathies,MESH:D009202,Cardiomyopathies
"Cardiomyopathy, other",MESH:D009202,Cardiovascular,High,cardiomyo_oth,Cardiomyopathy - other,Cardiomyopathies,MESH:D019571,Arrhythmogenic Right Ventricular Dysplasia
"Cardiomyopathy, other",MESH:D009202,Cardiovascular,High,cardiomyo_oth,Cardiomyopathy - other,Cardiomyopathies,MESH:D004719,Endomyocardial Fibrosis
Carpal Tunnel Syndrome,MESH:D002349,Musculoskeletal,High,carpal_tunnel,Carpal tunnel syndrome,Carpal Tunnel Syndrome,MESH:D002349,Carpal Tunnel Syndrome
Cataract,MESH:D002386,Eye,High,cataract,Cataract,Cataract,MESH:D002386,Cataract
Cataract,MESH:D002386,Eye,High,cataract,Cataract,Cataract,MESH:D058442,Capsule Opacification
Cholangitis,MESH:D002761,Digestive,High,cholangitis,Cholangitis,Cholangitis,MESH:D002761,Cholangitis
Cholangitis,MESH:D002761,Digestive,High,cholangitis,Cholangitis,Cholangitis,MESH:D015209,"Cholangitis, Sclerosing"
Cholecystitis,MESH:D002764,Digestive,High,cholecystitis,Cholecystitis,Cholecystitis,MESH:D042101,Acalculous Cholecystitis
Cholecystitis,MESH:D002764,Digestive,High,cholecystitis,Cholecystitis,Cholecystitis,MESH:D002764,Cholecystitis
Cholelithiasis,MESH:D002769,Digestive,High,cholelithiasis,Cholelithiasis,Cholelithiasis,MESH:D041761,Cholecystolithiasis
Cholelithiasis,MESH:D002769,Digestive,High,cholelithiasis,Cholelithiasis,Cholelithiasis,MESH:D042883,Choledocholithiasis
Cholelithiasis,MESH:D002769,Digestive,High,cholelithiasis,Cholelithiasis,Cholelithiasis,MESH:D042882,Gallstones
Cholelithiasis,MESH:D002769,Digestive,High,cholelithiasis,Cholelithiasis,Cholelithiasis,MESH:D002769,Cholelithiasis
Chronic Cystitis,UMLS:C0221763,Genitourinary,High,chr_cystitis,Chronic Cystitis,Chronic Cystitis,UMLS:C0221763,Chronic Cystitis
Chronic Kidney Disease,MESH:D051436,Genitourinary,High,ckd,Chronic Kidney Disease,"Renal Insufficiency, Chronic",MESH:D051436,"Renal Insufficiency, Chronic"
Chronic Kidney Disease,MESH:D051436,Genitourinary,High,ckd,Chronic Kidney Disease,"Renal Insufficiency, Chronic",MESH:D007676,"Kidney Failure, Chronic"
Chronic Obstructive Pulmonary Disease,MESH:D029424,Respiratory,High,copd,Chronic Obstructive Pulmonary Disease,"Pulmonary Disease, Chronic Obstructive",MESH:D011656,Pulmonary Emphysema
Chronic Obstructive Pulmonary Disease,MESH:D029424,Respiratory,High,copd,Chronic Obstructive Pulmonary Disease,"Pulmonary Disease, Chronic Obstructive",MESH:D029481,"Bronchitis, Chronic"
Chronic Obstructive Pulmonary Disease,MESH:D029424,Respiratory,High,copd,Chronic Obstructive Pulmonary Disease,"Pulmonary Disease, Chronic Obstructive",MESH:D029424,"Pulmonary Disease, Chronic Obstructive"
Cirrhosis,MESH:D008103,Digestive,High,cirrhosis,Cirrhosis,Liver Cirrhosis,MESH:D008105,"Liver Cirrhosis, Biliary"
Cirrhosis,MESH:D008103,Digestive,High,cirrhosis,Cirrhosis,Liver Cirrhosis,MESH:D008103,Liver Cirrhosis
Collapsed Vertebra,UMLS:C0410550,Musculoskeletal,High,collapsed_vert,Collapsed vertebra,Collapse of vertebra,UMLS:C0410550,Collapse of vertebra
Coronary Heart Disease,MESH:D003324,Cardiovascular,High,chd_nos,Coronary heart disease not otherwise specified,Coronary Artery Disease,MESH:D003324,Coronary Artery Disease
Deafness,MESH:D003638,Ear,High,deaf,Deafness,Deafness,MESH:D003638,Deafness
Delirium,MESH:D003693,Psychiatric,High,delirium,Delirium,Delirium,MESH:D003693,Delirium
Dementia,MESH:D003704,Psychiatric,High,dementia,Dementia,Dementia,MESH:D003704,Dementia
Dementia,MESH:D003704,Psychiatric,High,dementia,Dementia,Dementia,MESH:D015161,"Dementia, Multi-Infarct"
Dementia,MESH:D003704,Psychiatric,High,dementia,Dementia,Dementia,MESH:D015140,"Dementia, Vascular"
Dementia,MESH:D003704,Psychiatric,High,dementia,Dementia,Dementia,MESH:D000544,Alzheimer Disease
Dermatitis,MESH:D003872,Skin,High,dermatitis,Dermatitis (atopic/contact/other/unspecified),Dermatitis,MESH:D003876,"Dermatitis, Atopic"
Dermatitis,MESH:D003872,Skin,High,dermatitis,Dermatitis (atopic/contact/other/unspecified),Dermatitis,MESH:D003877,"Dermatitis, Contact"
Dermatitis,MESH:D003872,Skin,High,dermatitis,Dermatitis (atopic/contact/other/unspecified),Dermatitis,MESH:D003875,Drug Eruptions
Dermatitis,MESH:D003872,Skin,High,dermatitis,Dermatitis (atopic/contact/other/unspecified),Dermatitis,MESH:D003872,Dermatitis
Dermatitis,MESH:D003872,Skin,High,dermatitis,Dermatitis (atopic/contact/other/unspecified),Dermatitis,MESH:D009783,"Dermatitis, Occupational"
Dermatitis,MESH:D003872,Skin,High,dermatitis,Dermatitis (atopic/contact/other/unspecified),Dermatitis,MESH:D003873,"Dermatitis, Exfoliative"
Dermatitis,MESH:D003872,Skin,High,dermatitis,Dermatitis (atopic/contact/other/unspecified),Dermatitis,MESH:D009450,Neurodermatitis
Dermatitis,MESH:D003872,Skin,High,dermatitis,Dermatitis (atopic/contact/other/unspecified),Dermatitis,MESH:D017454,"Dermatitis, Photoallergic"
Dermatitis,MESH:D003872,Skin,High,dermatitis,Dermatitis (atopic/contact/other/unspecified),Dermatitis,MESH:D017453,"Dermatitis, Irritant"
Dermatitis,MESH:D003872,Skin,High,dermatitis,Dermatitis (atopic/contact/other/unspecified),Dermatitis,MESH:D017484,"Dermatitis, Phototoxic"
Dermatitis,MESH:D003872,Skin,High,dermatitis,Dermatitis (atopic/contact/other/unspecified),Dermatitis,MESH:D004485,Eczema
Dermatitis,MESH:D003872,Skin,High,dermatitis,Dermatitis (atopic/contact/other/unspecified),Dermatitis,MESH:D017449,"Dermatitis, Allergic Contact"
"Diabetes Mellitus, other or not specified",MESH:D003920,Endocrine,High,dm_oth,"Diabetes Mellitus, other or not specified",Diabetes Mellitus,MESH:D000071698,Latent Autoimmune Diabetes in Adults
"Diabetes Mellitus, other or not specified",MESH:D003920,Endocrine,High,dm_oth,"Diabetes Mellitus, other or not specified",Diabetes Mellitus,MESH:D003926,Diabetic Coma
"Diabetes Mellitus, other or not specified",MESH:D003920,Endocrine,High,dm_oth,"Diabetes Mellitus, other or not specified",Diabetes Mellitus,MESH:D003920,Diabetes Mellitus
"Diabetes Mellitus, other or not specified",MESH:D003920,Endocrine,High,dm_oth,"Diabetes Mellitus, other or not specified",Diabetes Mellitus,MESH:D048909,Diabetes Complications
"Diabetes Mellitus, other or not specified",MESH:D003920,Endocrine,High,dm_oth,"Diabetes Mellitus, other or not specified",Diabetes Mellitus,MESH:D016883,Diabetic Ketoacidosis
"Diabetes Mellitus, other or not specified",MESH:D003920,Endocrine,High,dm_oth,"Diabetes Mellitus, other or not specified",Diabetes Mellitus,MESH:D016640,"Diabetes, Gestational"
"Diabetes Mellitus, other or not specified",MESH:D003920,Endocrine,High,dm_oth,"Diabetes Mellitus, other or not specified",Diabetes Mellitus,MESH:D003925,Diabetic Angiopathies
"Diabetes Mellitus, other or not specified",MESH:D003920,Endocrine,High,dm_oth,"Diabetes Mellitus, other or not specified",Diabetes Mellitus,MESH:D058065,Diabetic Cardiomyopathies
Diabetic Eye Disease,MESH:D003930,Eye,High,dm_eye,Diabetic Eye Disease,Diabetic Retinopathy,MESH:D003930,Diabetic Retinopathy
Diabetic Neuropathy,MESH:D003929,Neurological,High,dm_neuro,Diabetic Neuropathy,Diabetic Neuropathies,MESH:D017719,Diabetic Foot
Diabetic Neuropathy,MESH:D003929,Neurological,High,dm_neuro,Diabetic Neuropathy,Diabetic Neuropathies,MESH:D003929,Diabetic Neuropathies
Diaphragmatic Hernia,MESH:D006548,Digestive,High,hernia_diaphragm,Diaphragmatic hernia,"Hernia, Diaphragmatic",MESH:D006551,"Hernia, Hiatal"
Diaphragmatic Hernia,MESH:D006548,Digestive,High,hernia_diaphragm,Diaphragmatic hernia,"Hernia, Diaphragmatic",MESH:D006548,"Hernia, Diaphragmatic"
Dilated cardiomyopathy,MESH:D002311,Cardiovascular,High,dcm,Dilated cardiomyopathy,"Cardiomyopathy, Dilated",MESH:D002311,"Cardiomyopathy, Dilated"
Diverticular Disease,MESH:D000076385,Digestive,High,diverticuli,Diverticular Disease,Diverticular Diseases,MESH:D004239,"Diverticulitis, Colonic"
Diverticular Disease,MESH:D000076385,Digestive,High,diverticuli,Diverticular Disease,Diverticular Diseases,MESH:D004241,"Diverticulum, Colon"
Diverticular Disease,MESH:D000076385,Digestive,High,diverticuli,Diverticular Disease,Diverticular Diseases,MESH:D004238,Diverticulitis
Diverticular Disease,MESH:D000076385,Digestive,High,diverticuli,Diverticular Disease,Diverticular Diseases,MESH:D000076385,Diverticular Diseases
End Stage Renal Disease,MESH:D007676,Genitourinary,High,esrd,End stage renal disease,"Kidney Failure, Chronic",MESH:D007676,"Kidney Failure, Chronic"
Epilepsy,MESH:D004827,Neurological,High,epilepsy,Epilepsy,Epilepsy,MESH:D017029,"Epilepsy, Complex Partial"
Epilepsy,MESH:D004827,Neurological,High,epilepsy,Epilepsy,Epilepsy,MESH:D020190,"Myoclonic Epilepsy, Juvenile"
Epilepsy,MESH:D004827,Neurological,High,epilepsy,Epilepsy,Epilepsy,MESH:D004827,Epilepsy
Epilepsy,MESH:D004827,Neurological,High,epilepsy,Epilepsy,Epilepsy,MESH:D019305,"Epilepsy, Rolandic"
Epilepsy,MESH:D004827,Neurological,High,epilepsy,Epilepsy,Epilepsy,MESH:D000073376,Epileptic Syndromes
Epilepsy,MESH:D004827,Neurological,High,epilepsy,Epilepsy,Epilepsy,MESH:D017034,"Epilepsy, Frontal Lobe"
Epilepsy,MESH:D004827,Neurological,High,epilepsy,Epilepsy,Epilepsy,MESH:D004831,"Epilepsies, Myoclonic"
Epilepsy,MESH:D004827,Neurological,High,epilepsy,Epilepsy,Epilepsy,MESH:D004832,"Epilepsy, Absence"
Epilepsy,MESH:D004827,Neurological,High,epilepsy,Epilepsy,Epilepsy,MESH:D020938,"Epilepsy, Partial, Motor"
Epilepsy,MESH:D004827,Neurological,High,epilepsy,Epilepsy,Epilepsy,MESH:D004833,"Epilepsy, Temporal Lobe"
Epilepsy,MESH:D004827,Neurological,High,epilepsy,Epilepsy,Epilepsy,MESH:D000069279,Drug Resistant Epilepsy
Epilepsy,MESH:D004827,Neurological,High,epilepsy,Epilepsy,Epilepsy,MESH:D020195,"Epilepsy, Reflex"
Epilepsy,MESH:D004827,Neurological,High,epilepsy,Epilepsy,Epilepsy,MESH:D020937,"Epilepsy, Partial, Sensory"
Epilepsy,MESH:D004827,Neurological,High,epilepsy,Epilepsy,Epilepsy,MESH:D004828,"Epilepsies, Partial"
Epilepsy,MESH:D004827,Neurological,High,epilepsy,Epilepsy,Epilepsy,MESH:D004830,"Epilepsy, Tonic-Clonic"
Epilepsy,MESH:D004827,Neurological,High,epilepsy,Epilepsy,Epilepsy,MESH:D020191,"Myoclonic Epilepsies, Progressive"
Epilepsy,MESH:D004827,Neurological,High,epilepsy,Epilepsy,Epilepsy,MESH:D004829,"Epilepsy, Generalized"
Essential Tremor,MESH:D020329,Neurological,High,essential_tremor,Essential Tremor,Essential Tremor,MESH:D020329,Essential Tremor
Fatty Liver,MESH:D005234,Digestive,High,fatty_liver,Fatty Liver,Fatty Liver,MESH:D005234,Fatty Liver
Fatty Liver,MESH:D005234,Digestive,High,fatty_liver,Fatty Liver,Fatty Liver,MESH:D065626,Non-alcoholic Fatty Liver Disease
Fibromatosis,MESH:D005350,Musculoskeletal,High,fibromatosis,Fibromatoses,Fibroma,MESH:D005350,Fibroma
Fibromatosis,MESH:D005350,Musculoskeletal,High,fibromatosis,Fibromatoses,Fibroma,MESH:D004387,Dupuytren Contracture
Fibromatosis,MESH:D005350,Musculoskeletal,High,fibromatosis,Fibromatoses,Fibroma,MESH:D018214,"Fibroma, Ossifying"
Fibromatosis,MESH:D005350,Musculoskeletal,High,fibromatosis,Fibromatoses,Fibroma,MESH:D018220,"Fibroma, Desmoplastic"
Fibromatosis,MESH:D005350,Musculoskeletal,High,fibromatosis,Fibromatoses,Fibroma,MESH:D018221,"Fibromatosis, Abdominal"
Fibromatosis,MESH:D005350,Musculoskeletal,High,fibromatosis,Fibromatoses,Fibroma,MESH:D000071380,"Fibromatosis, Plantar"
Fibromatosis,MESH:D005350,Musculoskeletal,High,fibromatosis,Fibromatoses,Fibroma,MESH:D018222,"Fibromatosis, Aggressive"
Folate Deficiency Anaemia,UMLS:C0472730,Haematological/ Immuunoligcal,High,foldef,Folate deficiency anaemia,Folate deficiency anaemia due to malabsorption,UMLS:C0472730,Folate deficiency anaemia due to malabsorption
"Fracture, Hip",MESH:D006620,Musculoskeletal,High,frac_hip,Fracture - hip,Hip Fractures,MESH:D005265,Femoral Neck Fractures
"Fracture, Hip",MESH:D006620,Musculoskeletal,High,frac_hip,Fracture - hip,Hip Fractures,MESH:D006620,Hip Fractures
"Fracture, Wrist",MESH:D011885,Musculoskeletal,High,frac_wrist,Fracture - wrist,Radius Fractures,MESH:D014458,Ulna Fractures
"Fracture, Wrist",MESH:D014458,Musculoskeletal,High,frac_wrist,Fracture - wrist,Ulna Fractures,MESH:D011885,Radius Fractures
"Fracture, Wrist",MESH:D011885,Musculoskeletal,High,frac_wrist,Fracture - wrist,Radius Fractures,UMLS:C4553927,Wrist Fracture
"Fracture, Wrist",MESH:D014458,Musculoskeletal,High,frac_wrist,Fracture - wrist,Ulna Fractures,MESH:D003100,Colles' Fracture
Fungal Infection,MESH:D009181,Infections,High,id_mycoses,Fungal Infection,Mycoses,MESH:D016469,Fungemia
Fungal Infection,MESH:D009181,Infections,High,id_mycoses,Fungal Infection,Mycoses,MESH:D009181,Mycoses
Gastritis,MESH:D005756,Digestive,High,gastritis,Gastritis,Gastritis,MESH:D005756,Gastritis
Gastritis,MESH:D005756,Digestive,High,gastritis,Gastritis,Gastritis,MESH:D005758,"Gastritis, Hypertrophic"
Gastritis,MESH:D005756,Digestive,High,gastritis,Gastritis,Gastritis,MESH:D005757,"Gastritis, Atrophic"
Gastro-oesophageal Reflux Disease,MESH:D005764,Digestive,High,gord,Gastro-oesophageal reflux disease,Gastroesophageal Reflux,MESH:D005764,Gastroesophageal Reflux
Gastro-oesophageal Reflux Disease,MESH:D005764,Digestive,High,gord,Gastro-oesophageal reflux disease,Gastroesophageal Reflux,MESH:D057045,Laryngopharyngeal Reflux
Giant Cell Arteritis,MESH:D013700,Musculoskeletal,High,gca,Giant Cell arteritis,Giant Cell Arteritis,MESH:D013700,Giant Cell Arteritis
Glaucoma,MESH:D005901,Eye,High,glaucoma,Glaucoma,Glaucoma,MESH:D015812,"Glaucoma, Angle-Closure"
Glaucoma,MESH:D005901,Eye,High,glaucoma,Glaucoma,Glaucoma,MESH:D005902,"Glaucoma, Open-Angle"
Glaucoma,MESH:D005901,Eye,High,glaucoma,Glaucoma,Glaucoma,MESH:D057066,Low Tension Glaucoma
Glaucoma,MESH:D005901,Eye,High,glaucoma,Glaucoma,Glaucoma,MESH:D005901,Glaucoma
Glomerulonephritis,MESH:D005921,Genitourinary,High,gn,Glomerulonephritis,Glomerulonephritis,MESH:D015432,"Glomerulonephritis, Membranoproliferative"
Glomerulonephritis,MESH:D005921,Genitourinary,High,gn,Glomerulonephritis,Glomerulonephritis,MESH:D005923,"Glomerulosclerosis, Focal Segmental"
Glomerulonephritis,MESH:D005921,Genitourinary,High,gn,Glomerulonephritis,Glomerulonephritis,MESH:D008181,Lupus Nephritis
Glomerulonephritis,MESH:D005921,Genitourinary,High,gn,Glomerulonephritis,Glomerulonephritis,MESH:D005921,Glomerulonephritis
Glomerulonephritis,MESH:D005921,Genitourinary,High,gn,Glomerulonephritis,Glomerulonephritis,MESH:D019867,Anti-Glomerular Basement Membrane Disease
Glomerulonephritis,MESH:D005921,Genitourinary,High,gn,Glomerulonephritis,Glomerulonephritis,MESH:D005922,"Glomerulonephritis, IGA"
Gout,MESH:D006073,Musculoskeletal,High,gout,Gout,Gout,MESH:D015210,"Arthritis, Gouty"
Gout,MESH:D006073,Musculoskeletal,High,gout,Gout,Gout,MESH:D006073,Gout
Heart Failure,MESH:D006333,Cardiovascular,High,hf,Heart failure,Heart Failure,MESH:D054144,"Heart Failure, Diastolic"
Heart Failure,MESH:D006333,Cardiovascular,High,hf,Heart failure,Heart Failure,MESH:D006333,Heart Failure
Heart Failure,MESH:D006333,Cardiovascular,High,hf,Heart failure,Heart Failure,MESH:D054143,"Heart Failure, Systolic"
Heart Failure,MESH:D006333,Cardiovascular,High,hf,Heart failure,Heart Failure,MESH:D059347,Cardio-Renal Syndrome
Hydrocele,MESH:D006848,Genitourinary,High,hydrocele,Hydrocoele,Testicular Hydrocele,MESH:D006848,Testicular Hydrocele
Hyperparathyroidism,MESH:D006961,Endocrine,High,pth,Hyperparathyroidism,Hyperparathyroidism,MESH:D049950,"Hyperparathyroidism, Primary"
Hyperparathyroidism,MESH:D006961,Endocrine,High,pth,Hyperparathyroidism,Hyperparathyroidism,MESH:D006962,"Hyperparathyroidism, Secondary"
Hyperparathyroidism,MESH:D006961,Endocrine,High,pth,Hyperparathyroidism,Hyperparathyroidism,MESH:D006961,Hyperparathyroidism
Hypersplenism,MESH:D006971,Haematological/ Immuunoligcal,High,hypersplenism,Hypersplenism,Hypersplenism,MESH:D006971,Hypersplenism
Hypertension,MESH:D006973,Cardiovascular,High,htn,Hypertension,Hypertension,MESH:D000075222,Essential Hypertension
Hypertension,MESH:D006973,Cardiovascular,High,htn,Hypertension,Hypertension,MESH:D006978,"Hypertension, Renovascular"
Hypertension,MESH:D006973,Cardiovascular,High,htn,Hypertension,Hypertension,MESH:D006974,"Hypertension, Malignant"
Hypertension,MESH:D006973,Cardiovascular,High,htn,Hypertension,Hypertension,MESH:D046110,"Hypertension, Pregnancy-Induced"
Hypertension,MESH:D006973,Cardiovascular,High,htn,Hypertension,Hypertension,MESH:D006977,"Hypertension, Renal"
Hypertension,MESH:D006973,Cardiovascular,High,htn,Hypertension,Hypertension,MESH:D059466,White Coat Hypertension
Hypertension,MESH:D006973,Cardiovascular,High,htn,Hypertension,Hypertension,MESH:D004461,Eclampsia
Hypertension,MESH:D006973,Cardiovascular,High,htn,Hypertension,Hypertension,MESH:D058437,Hypertensive Retinopathy
Hypertension,MESH:D006973,Cardiovascular,High,htn,Hypertension,Hypertension,MESH:D006973,Hypertension
Hypertrophic cardiomyopathy,MESH:D002312,Cardiovascular,High,hocm,Hypertrophic Cardiomyopathy,"Cardiomyopathy, Hypertrophic",MESH:D024741,"Cardiomyopathy, Hypertrophic, Familial"
Hypertrophic cardiomyopathy,MESH:D002312,Cardiovascular,High,hocm,Hypertrophic Cardiomyopathy,"Cardiomyopathy, Hypertrophic",MESH:D002312,"Cardiomyopathy, Hypertrophic"
Hyposplenism,UMLS:C0272404,Haematological/ Immuunoligcal,High,hyposplenism,Hyposplenism,Hyposplenism,UMLS:C0272404,Hyposplenism
Immunodeficiency,UMLS:C0021051,Haematological/ Immuunoligcal,High,immunodef,Immunodeficiencies,Immunologic Deficiency Syndromes,UMLS:C0021051,Immunologic Deficiency Syndromes
"Infection, Bone",MESH:D001850,Infections,High,id_bone,Infection - Bone,"Bone Diseases, Infectious",MESH:D010019,Osteomyelitis
"Infection, Bone",MESH:D001850,Infections,High,id_bone,Infection - Bone,"Bone Diseases, Infectious",MESH:D001850,"Bone Diseases, Infectious"
"Infection, Bone",MESH:D001850,Infections,High,id_bone,Infection - Bone,"Bone Diseases, Infectious",MESH:D015299,Discitis
"Infection, Bone",MESH:D001850,Infections,High,id_bone,Infection - Bone,"Bone Diseases, Infectious",MESH:D013166,Spondylitis
"Infection, Bone",MESH:D001850,Infections,High,id_bone,Infection - Bone,"Bone Diseases, Infectious",MESH:D010522,Periostitis
"Infection, Digestive System",MESH:D005759,Infections,High,id_digestive,Infection - Digestive system,Gastroenteritis,MESH:D003092,Colitis
"Infection, Digestive System",MESH:D005759,Infections,High,id_digestive,Infection - Digestive system,Gastroenteritis,MESH:D005759,Gastroenteritis
"Infection, Digestive System",MESH:D005759,Infections,High,id_digestive,Infection - Digestive system,Gastroenteritis,MESH:D004751,Enteritis
"Infection, Digestive System",MESH:D005759,Infections,High,id_digestive,Infection - Digestive system,Gastroenteritis,MESH:D004404,"Dysentery, Amebic"
"Infection, Digestive System",MESH:D005759,Infections,High,id_digestive,Infection - Digestive system,Gastroenteritis,MESH:D004403,Dysentery
"Infection, Digestive System",MESH:D005759,Infections,High,id_digestive,Infection - Digestive system,Gastroenteritis,MESH:D017688,Cholera Morbus
"Infection, Eye",MESH:D015817,Infections,High,id_eye,Infection - Eye,Eye Infections,MESH:D003236,"Conjunctivitis, Viral"
"Infection, Eye",MESH:D015817,Infections,High,id_eye,Infection - Eye,Eye Infections,MESH:D015817,Eye Infections
"Infection, Eye",MESH:D015817,Infections,High,id_eye,Infection - Eye,Eye Infections,MESH:D016849,"Keratitis, Herpetic"
"Infection, Eye",MESH:D015817,Infections,High,id_eye,Infection - Eye,Eye Infections,MESH:D015828,"Eye Infections, Viral"
"Infection, Eye",MESH:D015817,Infections,High,id_eye,Infection - Eye,Eye Infections,MESH:D003234,"Conjunctivitis, Bacterial"
"Infection, Eye",MESH:D015817,Infections,High,id_eye,Infection - Eye,Eye Infections,MESH:D006726,Hordeolum
"Infection, Eye",MESH:D015817,Infections,High,id_eye,Infection - Eye,Eye Infections,MESH:D014126,"Toxoplasmosis, Ocular"
"Infection, Eye",MESH:D015817,Infections,High,id_eye,Infection - Eye,Eye Infections,MESH:D015822,"Eye Infections, Parasitic"
"Infection, Eye",MESH:D015817,Infections,High,id_eye,Infection - Eye,Eye Infections,MESH:D006563,Herpes Zoster Ophthalmicus
"Infection, Eye",MESH:D015817,Infections,High,id_eye,Infection - Eye,Eye Infections,MESH:D014141,Trachoma
"Infection, Eye",MESH:D015817,Infections,High,id_eye,Infection - Eye,Eye Infections,MESH:D015821,"Eye Infections, Fungal"
"Infection, Eye",MESH:D015817,Infections,High,id_eye,Infection - Eye,Eye Infections,MESH:D007639,"Keratoconjunctivitis, Infectious"
"Infection, Eye",MESH:D015817,Infections,High,id_eye,Infection - Eye,Eye Infections,MESH:D015818,"Eye Infections, Bacterial"
"Infection, Heart",MESH:D004697,Infections,High,id_heart,Infection - Heart,"Endocarditis, Bacterial",UMLS:C1096253,Cardiac Infection
"Infection, Heart",MESH:D004697,Infections,High,id_heart,Infection - Heart,"Endocarditis, Bacterial",MESH:D004698,"Endocarditis, Subacute Bacterial"
"Infection, Heart",MESH:D004697,Infections,High,id_heart,Infection - Heart,"Endocarditis, Bacterial",MESH:D004697,"Endocarditis, Bacterial"
"Infection, Lower Respiratory Tract",MESH:D011014,Infections,High,id_lrti,Infection - Lower Respiratory Tract,Pneumonia,MESH:D018410,"Pneumonia, Bacterial"
"Infection, Lower Respiratory Tract",MESH:D011014,Infections,High,id_lrti,Infection - Lower Respiratory Tract,Pneumonia,MESH:D011019,"Pneumonia, Mycoplasma"
"Infection, Lower Respiratory Tract",MESH:D011014,Infections,High,id_lrti,Infection - Lower Respiratory Tract,Pneumonia,MESH:D011014,Pneumonia
"Infection, Lower Respiratory Tract",MESH:D011014,Infections,High,id_lrti,Infection - Lower Respiratory Tract,Pneumonia,MESH:D011024,"Pneumonia, Viral"
"Infection, Lower Respiratory Tract",MESH:D011014,Infections,High,id_lrti,Infection - Lower Respiratory Tract,Pneumonia,MESH:D001996,Bronchopneumonia
"Infection, Lower Respiratory Tract",MESH:D011014,Infections,High,id_lrti,Infection - Lower Respiratory Tract,Pneumonia,MESH:D011020,"Pneumonia, Pneumocystis"
"Infection, Lower Respiratory Tract",MESH:D011014,Infections,High,id_lrti,Infection - Lower Respiratory Tract,Pneumonia,MESH:D011023,"Pneumonia, Staphylococcal"
"Infection, Lower Respiratory Tract",MESH:D011014,Infections,High,id_lrti,Infection - Lower Respiratory Tract,Pneumonia,MESH:D061387,Chlamydial Pneumonia
"Infection, Lower Respiratory Tract",MESH:D011014,Infections,High,id_lrti,Infection - Lower Respiratory Tract,Pneumonia,MESH:D011018,"Pneumonia, Pneumococcal"
"Infection, Male Genitourinary",MESH:D014552,Infections,High,id_male_gu,Infection - Male Genitourinary,Urinary Tract Infections,MESH:D014552,Urinary Tract Infections
"Infection, Male Genitourinary",MESH:D014552,Infections,High,id_male_gu,Infection - Male Genitourinary,Urinary Tract Infections,MESH:D011776,Pyuria
"Infection, Male Genitourinary",MESH:D014552,Infections,High,id_male_gu,Infection - Male Genitourinary,Urinary Tract Infections,MESH:D001437,Bacteriuria
"Infection, Other nervous system",MESH:D002494,Infections,High,id_oth_nerv_sys,"Infection, Other nervous system",Central Nervous System Infections,MESH:D020805,Central Nervous System Viral Diseases
"Infection, Other nervous system",MESH:D002494,Infections,High,id_oth_nerv_sys,"Infection, Other nervous system",Central Nervous System Infections,MESH:D000069544,Infectious Encephalitis
"Infection, Other nervous system",MESH:D002494,Infections,High,id_oth_nerv_sys,"Infection, Other nervous system",Central Nervous System Infections,MESH:D016781,"Toxoplasmosis, Cerebral"
"Infection, Other nervous system",MESH:D002494,Infections,High,id_oth_nerv_sys,"Infection, Other nervous system",Central Nervous System Infections,MESH:D002494,Central Nervous System Infections
"Infection, Other nervous system",MESH:D002494,Infections,High,id_oth_nerv_sys,"Infection, Other nervous system",Central Nervous System Infections,MESH:D009494,Neurosyphilis
"Infection, Other nervous system",MESH:D002494,Infections,High,id_oth_nerv_sys,"Infection, Other nervous system",Central Nervous System Infections,MESH:D020804,"Encephalitis, Varicella Zoster"
"Infection, Other nervous system",MESH:D002494,Infections,High,id_oth_nerv_sys,"Infection, Other nervous system",Central Nervous System Infections,MESH:D011051,Poliomyelitis
"Infection, Other nervous system",MESH:D002494,Infections,High,id_oth_nerv_sys,"Infection, Other nervous system",Central Nervous System Infections,MESH:D009187,Myelitis
"Infection, Other nervous system",MESH:D002494,Infections,High,id_oth_nerv_sys,"Infection, Other nervous system",Central Nervous System Infections,MESH:D016779,"Malaria, Cerebral"
"Infection, Other nervous system",MESH:D002494,Infections,High,id_oth_nerv_sys,"Infection, Other nervous system",Central Nervous System Infections,MESH:D020807,Central Nervous System Parasitic Infections
"Infection, Other nervous system",MESH:D002494,Infections,High,id_oth_nerv_sys,"Infection, Other nervous system",Central Nervous System Infections,MESH:D020808,Central Nervous System Protozoal Infections
"Infection, Other nervous system",MESH:D002494,Infections,High,id_oth_nerv_sys,"Infection, Other nervous system",Central Nervous System Infections,MESH:D018792,"Encephalitis, Viral"
"Infection, Other nervous system",MESH:D002494,Infections,High,id_oth_nerv_sys,"Infection, Other nervous system",Central Nervous System Infections,MESH:D020806,Central Nervous System Bacterial Infections
"Infection, Other nervous system",MESH:D002494,Infections,High,id_oth_nerv_sys,"Infection, Other nervous system",Central Nervous System Infections,MESH:D020802,Epidural Abscess
"Infection, Other nervous system",MESH:D002494,Infections,High,id_oth_nerv_sys,"Infection, Other nervous system",Central Nervous System Infections,MESH:D020314,Central Nervous System Fungal Infections
"Infection, Other nervous system",MESH:D002494,Infections,High,id_oth_nerv_sys,"Infection, Other nervous system",Central Nervous System Infections,MESH:D016262,Postpoliomyelitis Syndrome
"Infection, Other nervous system",MESH:D002494,Infections,High,id_oth_nerv_sys,"Infection, Other nervous system",Central Nervous System Infections,MESH:D011052,"Poliomyelitis, Bulbar"
"Infection, Other organisms",MESH:D007239,Infections,High,id_oth_organisms,"Infection, Other organisms",Infection,MESH:D007239,Infection
"Infection, Other organs",MESH:D007239,Infections,High,id_oth_organs,Infection - Other Organs,Infection,MESH:D007239,Infection
"Infection, Skin",MESH:D012874,Infections,High,id_skin,Infection - Skin,"Skin Diseases, Infectious",MESH:D004886,Erysipelas
"Infection, Skin",MESH:D012874,Infections,High,id_skin,Infection - Skin,"Skin Diseases, Infectious",MESH:D004478,Ectoparasitic Infestations
"Infection, Skin",MESH:D012874,Infections,High,id_skin,Infection - Skin,"Skin Diseases, Infectious",MESH:D013206,Staphylococcal Scalded Skin Syndrome
"Infection, Skin",MESH:D012874,Infections,High,id_skin,Infection - Skin,"Skin Diseases, Infectious",MESH:D009198,Myiasis
"Infection, Skin",MESH:D012874,Infections,High,id_skin,Infection - Skin,"Skin Diseases, Infectious",MESH:D006561,Herpes Simplex
"Infection, Skin",MESH:D012874,Infections,High,id_skin,Infection - Skin,"Skin Diseases, Infectious",MESH:D013207,Staphylococcal Skin Infections
"Infection, Skin",MESH:D012874,Infections,High,id_skin,Infection - Skin,"Skin Diseases, Infectious",MESH:D004891,Erythema Induratum
"Infection, Skin",MESH:D012874,Infections,High,id_skin,Infection - Skin,"Skin Diseases, Infectious",MESH:D013174,Sporotrichosis
"Infection, Skin",MESH:D012874,Infections,High,id_skin,Infection - Skin,"Skin Diseases, Infectious",MESH:D001759,Blastomycosis
"Infection, Skin",MESH:D012874,Infections,High,id_skin,Infection - Skin,"Skin Diseases, Infectious",MESH:D012532,Scabies
"Infection, Skin",MESH:D012874,Infections,High,id_skin,Infection - Skin,"Skin Diseases, Infectious",MESH:D012874,"Skin Diseases, Infectious"
"Infection, Skin",MESH:D012874,Infections,High,id_skin,Infection - Skin,"Skin Diseases, Infectious",MESH:D005667,Furunculosis
"Infection, Skin",MESH:D012874,Infections,High,id_skin,Infection - Skin,"Skin Diseases, Infectious",MESH:D002481,Cellulitis
"Infection, Skin",MESH:D012874,Infections,High,id_skin,Infection - Skin,"Skin Diseases, Infectious",MESH:D003881,Dermatomycoses
"Infection, Skin",MESH:D012874,Infections,High,id_skin,Infection - Skin,"Skin Diseases, Infectious",MESH:D017193,"Skin Diseases, Viral"
"Infection, Skin",MESH:D012874,Infections,High,id_skin,Infection - Skin,"Skin Diseases, Infectious",MESH:D012876,"Skin Diseases, Parasitic"
"Infection, Skin",MESH:D012874,Infections,High,id_skin,Infection - Skin,"Skin Diseases, Infectious",MESH:D016773,"Leishmaniasis, Cutaneous"
"Infection, Skin",MESH:D012874,Infections,High,id_skin,Infection - Skin,"Skin Diseases, Infectious",MESH:D017192,"Skin Diseases, Bacterial"
"Infection, Skin",MESH:D012874,Infections,High,id_skin,Infection - Skin,"Skin Diseases, Infectious",MESH:D002270,Carbuncle
"Infection, Skin",MESH:D012874,Infections,High,id_skin,Infection - Skin,"Skin Diseases, Infectious",MESH:D014860,Warts
"Infection, Skin",MESH:D012874,Infections,High,id_skin,Infection - Skin,"Skin Diseases, Infectious",MESH:D008924,Mite Infestations
"Infection, Skin",MESH:D012874,Infections,High,id_skin,Infection - Skin,"Skin Diseases, Infectious",MESH:D002178,"Candidiasis, Chronic Mucocutaneous"
"Infection, Skin",MESH:D012874,Infections,High,id_skin,Infection - Skin,"Skin Diseases, Infectious",MESH:D002179,"Candidiasis, Cutaneous"
"Infection, Skin",MESH:D012874,Infections,High,id_skin,Infection - Skin,"Skin Diseases, Infectious",MESH:D007169,Impetigo
"Infection, Skin",MESH:D012874,Infections,High,id_skin,Infection - Skin,"Skin Diseases, Infectious",MESH:D007896,Leishmaniasis
Intracerebral Haemorrhage,MESH:D002543,Cardiovascular,High,intracereb_haem,Intracerebral Haemorrhage,Cerebral Hemorrhage,MESH:D020202,"Cerebral Hemorrhage, Traumatic"
Intracerebral Haemorrhage,MESH:D002543,Cardiovascular,High,intracereb_haem,Intracerebral Haemorrhage,Cerebral Hemorrhage,MESH:D020145,Basal Ganglia Hemorrhage
Intracerebral Haemorrhage,MESH:D002543,Cardiovascular,High,intracereb_haem,Intracerebral Haemorrhage,Cerebral Hemorrhage,MESH:D002543,Cerebral Hemorrhage
Intracerebral Haemorrhage,MESH:D002543,Cardiovascular,High,intracereb_haem,Intracerebral Haemorrhage,Cerebral Hemorrhage,MESH:D000074042,Cerebral Intraventricular Hemorrhage
Iron Deficiency Anaemia,MESH:D018798,Haematological/ Immuunoligcal,High,ida,Iron Deficiency Anaemia,"Anemia, Iron-Deficiency",MESH:D018798,"Anemia, Iron-Deficiency"
Ischaemic Stroke,MESH:D020520,Cardiovascular,High,isch_stroke,Ischaemic Stroke,Brain Infarction,MESH:D002544,Cerebral Infarction
Ischaemic Stroke,MESH:D020520,Cardiovascular,High,isch_stroke,Ischaemic Stroke,Brain Infarction,MESH:D020762,"Infarction, Posterior Cerebral Artery"
Ischaemic Stroke,MESH:D020520,Cardiovascular,High,isch_stroke,Ischaemic Stroke,Brain Infarction,MESH:D020244,"Infarction, Middle Cerebral Artery"
Ischaemic Stroke,MESH:D020520,Cardiovascular,High,isch_stroke,Ischaemic Stroke,Brain Infarction,MESH:D020520,Brain Infarction
Ischaemic Stroke,MESH:D020520,Cardiovascular,High,isch_stroke,Ischaemic Stroke,Brain Infarction,MESH:D014854,Lateral Medullary Syndrome
Ischaemic Stroke,MESH:D020520,Cardiovascular,High,isch_stroke,Ischaemic Stroke,Brain Infarction,MESH:D020526,Brain Stem Infarctions
Ischaemic Stroke,MESH:D020520,Cardiovascular,High,isch_stroke,Ischaemic Stroke,Brain Infarction,MESH:D020243,"Infarction, Anterior Cerebral Artery"
Keratitis,MESH:D007634,Eye,High,keratitis,Keratitis,Keratitis,MESH:D015823,Acanthamoeba Keratitis
Keratitis,MESH:D007634,Eye,High,keratitis,Keratitis,Keratitis,MESH:D016849,"Keratitis, Herpetic"
Keratitis,MESH:D007634,Eye,High,keratitis,Keratitis,Keratitis,MESH:D007634,Keratitis
Keratitis,MESH:D007634,Eye,High,keratitis,Keratitis,Keratitis,MESH:D007637,Keratoconjunctivitis
Keratitis,MESH:D007634,Eye,High,keratitis,Keratitis,Keratitis,MESH:D007635,"Keratitis, Dendritic"
Left Bundle Branch Block,MESH:D002037,Cardiovascular,High,lbbb,Left Bundle Branch Block,Bundle-Branch Block,MESH:D002037,Bundle-Branch Block
Leukaemia,MESH:D007938,Cancers,High,malig_leukaemia,Leukaemia,Leukemia,MESH:D007951,"Leukemia, Myeloid"
Leukaemia,MESH:D007938,Cancers,High,malig_leukaemia,Leukaemia,Leukemia,MESH:D007948,"Leukemia, Monocytic, Acute"
Leukaemia,MESH:D007938,Cancers,High,malig_leukaemia,Leukaemia,Leukemia,MESH:D015479,"Leukemia, Myelomonocytic, Acute"
Leukaemia,MESH:D007938,Cancers,High,malig_leukaemia,Leukaemia,Leukemia,MESH:D023981,"Sarcoma, Myeloid"
Leukaemia,MESH:D007938,Cancers,High,malig_leukaemia,Leukaemia,Leukemia,MESH:D007947,"Leukemia, Megakaryoblastic, Acute"
Leukaemia,MESH:D007938,Cancers,High,malig_leukaemia,Leukaemia,Leukemia,MESH:D015477,"Leukemia, Myelomonocytic, Chronic"
Leukaemia,MESH:D007938,Cancers,High,malig_leukaemia,Leukaemia,Leukemia,MESH:D015464,"Leukemia, Myelogenous, Chronic, BCR-ABL Positive"
Leukaemia,MESH:D007938,Cancers,High,malig_leukaemia,Leukaemia,Leukemia,MESH:D015470,"Leukemia, Myeloid, Acute"
Leukaemia,MESH:D007938,Cancers,High,malig_leukaemia,Leukaemia,Leukemia,MESH:D015448,"Leukemia, B-Cell"
Leukaemia,MESH:D007938,Cancers,High,malig_leukaemia,Leukaemia,Leukemia,MESH:D015451,"Leukemia, Lymphocytic, Chronic, B-Cell"
Leukaemia,MESH:D007938,Cancers,High,malig_leukaemia,Leukaemia,Leukemia,MESH:D007946,"Leukemia, Mast-Cell"
Leukaemia,MESH:D007938,Cancers,High,malig_leukaemia,Leukaemia,Leukemia,MESH:D054438,"Leukemia, Myeloid, Chronic, Atypical, BCR-ABL Negative"
Leukaemia,MESH:D007938,Cancers,High,malig_leukaemia,Leukaemia,Leukemia,MESH:D015471,"Leukemia, Basophilic, Acute"
Leukaemia,MESH:D007938,Cancers,High,malig_leukaemia,Leukaemia,Leukemia,MESH:D015473,"Leukemia, Promyelocytic, Acute"
Leukaemia,MESH:D007938,Cancers,High,malig_leukaemia,Leukaemia,Leukemia,MESH:D054429,"Leukemia, Myelomonocytic, Juvenile"
Leukaemia,MESH:D007938,Cancers,High,malig_leukaemia,Leukaemia,Leukemia,MESH:D007945,"Leukemia, Lymphoid"
Leukaemia,MESH:D007938,Cancers,High,malig_leukaemia,Leukaemia,Leukemia,MESH:D054403,"Leukemia, Prolymphocytic, B-Cell"
Leukaemia,MESH:D007938,Cancers,High,malig_leukaemia,Leukaemia,Leukemia,MESH:D015463,"Leukemia, Prolymphocytic"
Leukaemia,MESH:D007938,Cancers,High,malig_leukaemia,Leukaemia,Leukemia,MESH:D015459,"Leukemia-Lymphoma, Adult T-Cell"
Leukaemia,MESH:D007938,Cancers,High,malig_leukaemia,Leukaemia,Leukemia,MESH:D007938,Leukemia
Leukaemia,MESH:D007938,Cancers,High,malig_leukaemia,Leukaemia,Leukemia,MESH:D007943,"Leukemia, Hairy Cell"
Leukaemia,MESH:D007938,Cancers,High,malig_leukaemia,Leukaemia,Leukemia,MESH:D015458,"Leukemia, T-Cell"
Leukaemia,MESH:D007938,Cancers,High,malig_leukaemia,Leukaemia,Leukemia,MESH:D015461,"Leukemia, Prolymphocytic, T-Cell"
Lichen Planus,MESH:D008010,Skin,High,lichen_planus,Lichen Planus,Lichen Planus,MESH:D017676,"Lichen Planus, Oral"
Lichen Planus,MESH:D008010,Skin,High,lichen_planus,Lichen Planus,Lichen Planus,MESH:D008010,Lichen Planus
Liver Failure,MESH:D017093,Digestive,High,liver_fail,Hepatic failure,Liver Failure,MESH:D017114,"Liver Failure, Acute"
Liver Failure,MESH:D017093,Digestive,High,liver_fail,Hepatic failure,Liver Failure,MESH:D017093,Liver Failure
Liver Failure,MESH:D017093,Digestive,High,liver_fail,Hepatic failure,Liver Failure,MESH:D065290,Acute-On-Chronic Liver Failure
Liver Failure,MESH:D017093,Digestive,High,liver_fail,Hepatic failure,Liver Failure,MESH:D006501,Hepatic Encephalopathy
Liver Failure,MESH:D017093,Digestive,High,liver_fail,Hepatic failure,Liver Failure,MESH:D058625,End Stage Liver Disease
Liver Failure,MESH:D017093,Digestive,High,liver_fail,Hepatic failure,Liver Failure,MESH:D047508,Massive Hepatic Necrosis
Low high density lipoprotein-cholesterol,UMLS:C0151691,Endocrine,High,lowhdl,Low HDL-C,Decreased HDL cholesterol concentration,UMLS:C0151691,Decreased HDL cholesterol concentration
Macular Degeneration,MESH:D008268,Eye,High,macula_degen,Macular Degeneration,Macular Degeneration,MESH:D008268,Macular Degeneration
Macular Degeneration,MESH:D008268,Eye,High,macula_degen,Macular Degeneration,Macular Degeneration,MESH:D057135,Wet Macular Degeneration
Meniere's Disease,MESH:D008575,Ear,High,meniere,Menieres Disease,Meniere Disease,MESH:D008575,Meniere Disease
Monoclonal Gammopathy of Unknown Significance,MESH:D008998,Cancers,High,malig_mgus,Monoclonal Gammopathy of Unknown Significance,Monoclonal Gammopathy of Undetermined Significance,MESH:D008998,Monoclonal Gammopathy of Undetermined Significance
Motor Neurone Disease,MESH:D016472,Neurological,High,mnd,Motor Neurone Disease,Motor Neuron Disease,MESH:D016472,Motor Neuron Disease
Motor Neurone Disease,MESH:D016472,Neurological,High,mnd,Motor Neurone Disease,Motor Neuron Disease,MESH:D000690,Amyotrophic Lateral Sclerosis
Motor Neurone Disease,MESH:D016472,Neurological,High,mnd,Motor Neurone Disease,Motor Neuron Disease,MESH:D010244,"Bulbar Palsy, Progressive"
Multiple valve disorder,UMLS:C0348584,Cardiovascular,High,mult_valve,Multiple valve disease,Multiple Valve Disease,UMLS:C0348584,Multiple Valve Disease
Myasthenia Gravis,MESH:D009157,Neurological,High,myasthenia,Myasthenia Gravis,Myasthenia Gravis,MESH:D009157,Myasthenia Gravis
Myelodysplastic Syndrome,MESH:D009190,Cancers,High,malig_mds,Myelodysplastic Syndrome,Myelodysplastic Syndromes,MESH:D000756,"Anemia, Sideroblastic"
Myelodysplastic Syndrome,MESH:D009190,Cancers,High,malig_mds,Myelodysplastic Syndrome,Myelodysplastic Syndromes,MESH:D000754,"Anemia, Refractory, with Excess of Blasts"
Myelodysplastic Syndrome,MESH:D009190,Cancers,High,malig_mds,Myelodysplastic Syndrome,Myelodysplastic Syndromes,MESH:D000753,"Anemia, Refractory"
Myelodysplastic Syndrome,MESH:D009190,Cancers,High,malig_mds,Myelodysplastic Syndrome,Myelodysplastic Syndromes,MESH:D009190,Myelodysplastic Syndromes
Myocardial Infarction,MESH:D009203,Cardiovascular,High,mi,Myocardial Infarction,Myocardial Infarction,MESH:D009203,Myocardial Infarction
Myocardial Infarction,MESH:D009203,Cardiovascular,High,mi,Myocardial Infarction,Myocardial Infarction,MESH:D000072658,Non-ST Elevated Myocardial Infarction
Myocardial Infarction,MESH:D009203,Cardiovascular,High,mi,Myocardial Infarction,Myocardial Infarction,MESH:D000072657,ST Elevation Myocardial Infarction
Myocardial Infarction,MESH:D009203,Cardiovascular,High,mi,Myocardial Infarction,Myocardial Infarction,MESH:D056989,Inferior Wall Myocardial Infarction
Myocardial Infarction,MESH:D009203,Cardiovascular,High,mi,Myocardial Infarction,Myocardial Infarction,MESH:D056988,Anterior Wall Myocardial Infarction
Neuropathic Bladder,MESH:D001750,Genitourinary,High,neuro_bladder,Neuropathic Bladder,"Urinary Bladder, Neurogenic",MESH:D001750,"Urinary Bladder, Neurogenic"
Non Hodgkins Lymphoma,MESH:D008228,Cancers,High,malig_nhl,Non-Hodgkin Lymphoma,"Lymphoma, Non-Hodgkin",MESH:D016403,"Lymphoma, Large B-Cell, Diffuse"
Non Hodgkins Lymphoma,MESH:D008228,Cancers,High,malig_nhl,Non-Hodgkin Lymphoma,"Lymphoma, Non-Hodgkin",MESH:D009182,Mycosis Fungoides
Non Hodgkins Lymphoma,MESH:D008228,Cancers,High,malig_nhl,Non-Hodgkin Lymphoma,"Lymphoma, Non-Hodgkin",MESH:D008228,"Lymphoma, Non-Hodgkin"
Non Hodgkins Lymphoma,MESH:D008228,Cancers,High,malig_nhl,Non-Hodgkin Lymphoma,"Lymphoma, Non-Hodgkin",MESH:D016400,"Lymphoma, Large-Cell, Immunoblastic"
Non Hodgkins Lymphoma,MESH:D008228,Cancers,High,malig_nhl,Non-Hodgkin Lymphoma,"Lymphoma, Non-Hodgkin",MESH:D016411,"Lymphoma, T-Cell, Peripheral"
Non Hodgkins Lymphoma,MESH:D008228,Cancers,High,malig_nhl,Non-Hodgkin Lymphoma,"Lymphoma, Non-Hodgkin",MESH:D016483,"Lymphoma, AIDS-Related"
Non Hodgkins Lymphoma,MESH:D008228,Cancers,High,malig_nhl,Non-Hodgkin Lymphoma,"Lymphoma, Non-Hodgkin",MESH:D054446,"Lymphoma, Primary Cutaneous Anaplastic Large Cell"
Non Hodgkins Lymphoma,MESH:D008228,Cancers,High,malig_nhl,Non-Hodgkin Lymphoma,"Lymphoma, Non-Hodgkin",MESH:D016410,"Lymphoma, T-Cell, Cutaneous"
Non Hodgkins Lymphoma,MESH:D008228,Cancers,High,malig_nhl,Non-Hodgkin Lymphoma,"Lymphoma, Non-Hodgkin",MESH:D008224,"Lymphoma, Follicular"
Non Hodgkins Lymphoma,MESH:D008228,Cancers,High,malig_nhl,Non-Hodgkin Lymphoma,"Lymphoma, Non-Hodgkin",MESH:D054391,"Lymphoma, Extranodal NK-T-Cell"
Non Hodgkins Lymphoma,MESH:D008228,Cancers,High,malig_nhl,Non-Hodgkin Lymphoma,"Lymphoma, Non-Hodgkin",MESH:D002051,Burkitt Lymphoma
Non Hodgkins Lymphoma,MESH:D008228,Cancers,High,malig_nhl,Non-Hodgkin Lymphoma,"Lymphoma, Non-Hodgkin",MESH:D012751,Sezary Syndrome
Non Hodgkins Lymphoma,MESH:D008228,Cancers,High,malig_nhl,Non-Hodgkin Lymphoma,"Lymphoma, Non-Hodgkin",MESH:D016393,"Lymphoma, B-Cell"
Non Hodgkins Lymphoma,MESH:D008228,Cancers,High,malig_nhl,Non-Hodgkin Lymphoma,"Lymphoma, Non-Hodgkin",MESH:D016399,"Lymphoma, T-Cell"
Non Hodgkins Lymphoma,MESH:D008228,Cancers,High,malig_nhl,Non-Hodgkin Lymphoma,"Lymphoma, Non-Hodgkin",MESH:D017728,"Lymphoma, Large-Cell, Anaplastic"
Non Hodgkins Lymphoma,MESH:D008228,Cancers,High,malig_nhl,Non-Hodgkin Lymphoma,"Lymphoma, Non-Hodgkin",MESH:D017731,Lymphomatoid Papulosis
Non Hodgkins Lymphoma,MESH:D008228,Cancers,High,malig_nhl,Non-Hodgkin Lymphoma,"Lymphoma, Non-Hodgkin",MESH:D020522,"Lymphoma, Mantle-Cell"
Non Hodgkins Lymphoma,MESH:D008228,Cancers,High,malig_nhl,Non-Hodgkin Lymphoma,"Lymphoma, Non-Hodgkin",MESH:D058527,Enteropathy-Associated T-Cell Lymphoma
Non-rheumatic Aortic valve disorder,MESH:D001024,Cardiovascular,High,nonrh_aortic,Nonrheumatic aortic valve disorders,Aortic Valve Stenosis,MESH:D001024,Aortic Valve Stenosis
Non-rheumatic Aortic valve disorder,MESH:D001023,Cardiovascular,High,nonrh_aortic,Nonrheumatic aortic valve disorders,Aortic Valve Prolapse,MESH:D001023,Aortic Valve Prolapse
Non-rheumatic Aortic valve disorder,MESH:D001022,Cardiovascular,High,nonrh_aortic,Nonrheumatic aortic valve disorders,Aortic Valve Insufficiency,MESH:D001022,Aortic Valve Insufficiency
Non-rheumatic Mitral valve disorder,MESH:D008944,Cardiovascular,High,nonrh_mitral,Nonrheumatic mitral valve disorders,Mitral Valve Insufficiency,MESH:D008944,Mitral Valve Insufficiency
Non-rheumatic Mitral valve disorder,MESH:D008945,Cardiovascular,High,nonrh_mitral,Nonrheumatic mitral valve disorders,Mitral Valve Prolapse,MESH:D008945,Mitral Valve Prolapse
Non-rheumatic Mitral valve disorder,MESH:D008946,Cardiovascular,High,nonrh_mitral,Nonrheumatic mitral valve disorders,Mitral Valve Stenosis,MESH:D008946,Mitral Valve Stenosis
Obstructive and reflux uropathy,MESH:D014517,Genitourinary,High,obstr_reflux,Obstructive and reflux uropathy,Ureteral Obstruction,MESH:D014517,Ureteral Obstruction
Obstructive and reflux uropathy,MESH:D014718,Genitourinary,High,obstr_reflux,Obstructive and reflux uropathy,Vesico-Ureteral Reflux,MESH:D014718,Vesico-Ureteral Reflux
Obstructive and reflux uropathy,MESH:D014517,Genitourinary,High,obstr_reflux,Obstructive and reflux uropathy,Ureteral Obstruction,MESH:D014525,Urethral Stricture
Obstructive and reflux uropathy,MESH:D014517,Genitourinary,High,obstr_reflux,Obstructive and reflux uropathy,Ureteral Obstruction,MESH:D001748,Urinary Bladder Neck Obstruction
Oesophageal Ulcer,UMLS:C0151970,Digestive,High,oesoph_ulc,Oesophageal Ulcer,Ulcer of Esophagus,UMLS:C0151970,Ulcer of Esophagus
Oesophageal Varices,MESH:D004932,Digestive,High,varices,Oesophageal varices,Esophageal and Gastric Varices,MESH:D004932,Esophageal and Gastric Varices
Osteoarthritis,MESH:D010003,Musculoskeletal,High,oa,Osteoarthritis,Osteoarthritis,MESH:D020370,"Osteoarthritis, Knee"
Osteoarthritis,MESH:D010003,Musculoskeletal,High,oa,Osteoarthritis,Osteoarthritis,MESH:D010003,Osteoarthritis
Osteoarthritis,MESH:D010003,Musculoskeletal,High,oa,Osteoarthritis,Osteoarthritis,MESH:D015207,"Osteoarthritis, Hip"
Osteoarthritis,MESH:D010003,Musculoskeletal,High,oa,Osteoarthritis,Osteoarthritis,MESH:D055013,"Osteoarthritis, Spine"
Osteoporosis,MESH:D010024,Musculoskeletal,High,osteoporosis,Osteoporosis,Osteoporosis,MESH:D010024,Osteoporosis
Osteoporosis,MESH:D010024,Musculoskeletal,High,osteoporosis,Osteoporosis,Osteoporosis,MESH:D015663,"Osteoporosis, Postmenopausal"
Other Haemolytic Anaemia,MESH:D000743,Haematological/ Immuunoligcal,High,oth_haem_anaemia,Other haemolytic anaemias,"Anemia, Hemolytic",MESH:D000743,"Anemia, Hemolytic"
Other Haemolytic Anaemia,MESH:D000743,Haematological/ Immuunoligcal,High,oth_haem_anaemia,Other haemolytic anaemias,"Anemia, Hemolytic",MESH:D000744,"Anemia, Hemolytic, Autoimmune"
Other Haemolytic Anaemia,MESH:D000743,Haematological/ Immuunoligcal,High,oth_haem_anaemia,Other haemolytic anaemias,"Anemia, Hemolytic",MESH:D000745,"Anemia, Hemolytic, Congenital"
Other Haemolytic Anaemia,MESH:D000743,Haematological/ Immuunoligcal,High,oth_haem_anaemia,Other haemolytic anaemias,"Anemia, Hemolytic",MESH:D005236,Favism
Other Haemolytic Anaemia,MESH:D000743,Haematological/ Immuunoligcal,High,oth_haem_anaemia,Other haemolytic anaemias,"Anemia, Hemolytic",MESH:D006457,"Hemoglobinuria, Paroxysmal"
Other Haemolytic Anaemia,MESH:D000743,Haematological/ Immuunoligcal,High,oth_haem_anaemia,Other haemolytic anaemias,"Anemia, Hemolytic",MESH:D006463,Hemolytic-Uremic Syndrome
Pancreatitis,MESH:D010195,Digestive,High,pancreatitis,Pancreatitis,Pancreatitis,MESH:D010195,Pancreatitis
Pancreatitis,MESH:D010195,Digestive,High,pancreatitis,Pancreatitis,Pancreatitis,MESH:D050500,"Pancreatitis, Chronic"
Pancreatitis,MESH:D010195,Digestive,High,pancreatitis,Pancreatitis,Pancreatitis,MESH:D019512,"Pancreatitis, Alcoholic"
Parasitic Infection,MESH:D010272,Infections,High,id_parasitic,Parasitic infections,Parasitic Diseases,MESH:D018512,Parasitemia
Parasitic Infection,MESH:D010272,Infections,High,id_parasitic,Parasitic infections,Parasitic Diseases,MESH:D010272,Parasitic Diseases
Parkinson's Disease,MESH:D010300,Neurological,High,parkinsons,Parkinson's disease,Parkinson Disease,MESH:D010300,Parkinson Disease
Peptic Ulcer,MESH:D010437,Digestive,High,ulcer_peptic,Peptic Ulcer,Peptic Ulcer,MESH:D004381,Duodenal Ulcer
Peptic Ulcer,MESH:D010437,Digestive,High,ulcer_peptic,Peptic Ulcer,Peptic Ulcer,MESH:D010437,Peptic Ulcer
Peptic Ulcer,MESH:D010437,Digestive,High,ulcer_peptic,Peptic Ulcer,Peptic Ulcer,MESH:D013276,Stomach Ulcer
Peptic Ulcer,MESH:D010437,Digestive,High,ulcer_peptic,Peptic Ulcer,Peptic Ulcer,MESH:D010439,Peptic Ulcer Perforation
Pericardial Effusion,MESH:D010490,Cardiovascular,High,pericard_eff,Pericardial effusion,Pericardial Effusion,MESH:D010490,Pericardial Effusion
Peripheral Arterial Disease,MESH:D058729,Cardiovascular,High,pad,Peripheral arterial disease,Peripheral Arterial Disease,MESH:D058729,Peripheral Arterial Disease
Peripheral Neuropathy,UMLS:C0031117,Neurological,High,periph_neuro,Peripheral Neuropathy,Peripheral Neuropathy,UMLS:C0031117,Peripheral Neuropathy
Peritonitis,MESH:D010538,Digestive,High,peritonitis,Peritonitis,Peritonitis,MESH:D013369,Subphrenic Abscess
Peritonitis,MESH:D010538,Digestive,High,peritonitis,Peritonitis,Peritonitis,MESH:D010538,Peritonitis
Plasma Cell Malignancy,MESH:D054219,Cancers,High,malig_plasmacell,Plasma Cell Malignancy,"Neoplasms, Plasma Cell",MESH:D007952,"Leukemia, Plasma Cell"
Plasma Cell Malignancy,MESH:D054219,Cancers,High,malig_plasmacell,Plasma Cell Malignancy,"Neoplasms, Plasma Cell",MESH:D009101,Multiple Myeloma
Plasma Cell Malignancy,MESH:D054219,Cancers,High,malig_plasmacell,Plasma Cell Malignancy,"Neoplasms, Plasma Cell",MESH:D054219,"Neoplasms, Plasma Cell"
Plasma Cell Malignancy,MESH:D054219,Cancers,High,malig_plasmacell,Plasma Cell Malignancy,"Neoplasms, Plasma Cell",MESH:D010954,Plasmacytoma
Pleural Effusion,MESH:D010996,Respiratory,High,pleural_eff,Pleural effusion,Pleural Effusion,MESH:D010996,Pleural Effusion
Pleural Effusion,MESH:D010996,Respiratory,High,pleural_eff,Pleural effusion,Pleural Effusion,MESH:D016066,"Pleural Effusion, Malignant"
Pleural Plaque,UMLS:C0340030,Respiratory,High,pleural_plaque,Pleural plaque,Pleural Plaque,UMLS:C0340030,Pleural Plaque
Pneumothorax,MESH:D011030,Respiratory,High,pneumothorax,Pneumothorax,Pneumothorax,MESH:D011030,Pneumothorax
Polycythaemia vera,MESH:D011087,Cancers,High,malig_pcv,Polycythaemia Vera,Polycythemia Vera,MESH:D011087,Polycythemia Vera
Polymyalgia Rheumatica,MESH:D011111,Musculoskeletal,High,pmr,Polymyalgia Rheumatica,Polymyalgia Rheumatica,MESH:D011111,Polymyalgia Rheumatica
Portal Hypertension,MESH:D006975,Digestive,High,portal_htn,Portal Hypertension,"Hypertension, Portal",MESH:D006975,"Hypertension, Portal"
"Primary Malignancy, Biliary",MESH:D001661,Cancers,High,malig_pri_biliary,Primary Malignancy - Biliary,Biliary Tract Neoplasms,MESH:D001661,Biliary Tract Neoplasms
"Primary Malignancy, Bladder",MESH:D001749,Cancers,High,malig_pri_bladder,Primary Malignancy - Bladder,Urinary Bladder Neoplasms,MESH:D001749,Urinary Bladder Neoplasms
"Primary Malignancy, Bone",MESH:D001859,Cancers,High,malig_pri_bone,Primary Malignancy - Bone,Bone Neoplasms,MESH:D050398,Adamantinoma
"Primary Malignancy, Bone",MESH:D001859,Cancers,High,malig_pri_bone,Primary Malignancy - Bone,Bone Neoplasms,MESH:D001859,Bone Neoplasms
"Primary Malignancy, Bone",MESH:D001859,Cancers,High,malig_pri_bone,Primary Malignancy - Bone,Bone Neoplasms,MESH:D005266,Femoral Neoplasms
"Primary Malignancy, Bone",MESH:D001859,Cancers,High,malig_pri_bone,Primary Malignancy - Bone,Bone Neoplasms,MESH:D007573,Jaw Neoplasms
"Primary Malignancy, Bone",MESH:D001859,Cancers,High,malig_pri_bone,Primary Malignancy - Bone,Bone Neoplasms,MESH:D008339,Mandibular Neoplasms
"Primary Malignancy, Bone",MESH:D001859,Cancers,High,malig_pri_bone,Primary Malignancy - Bone,Bone Neoplasms,MESH:D008441,Maxillary Neoplasms
"Primary Malignancy, Bone",MESH:D001859,Cancers,High,malig_pri_bone,Primary Malignancy - Bone,Bone Neoplasms,MESH:D008444,Maxillary Sinus Neoplasms
"Primary Malignancy, Bone",MESH:D001859,Cancers,High,malig_pri_bone,Primary Malignancy - Bone,Bone Neoplasms,MESH:D009669,Nose Neoplasms
"Primary Malignancy, Bone",MESH:D001859,Cancers,High,malig_pri_bone,Primary Malignancy - Bone,Bone Neoplasms,MESH:D009918,Orbital Neoplasms
"Primary Malignancy, Bone",MESH:D001859,Cancers,High,malig_pri_bone,Primary Malignancy - Bone,Bone Neoplasms,MESH:D010157,Palatal Neoplasms
"Primary Malignancy, Bone",MESH:D001859,Cancers,High,malig_pri_bone,Primary Malignancy - Bone,Bone Neoplasms,MESH:D010255,Paranasal Sinus Neoplasms
"Primary Malignancy, Bone",MESH:D001859,Cancers,High,malig_pri_bone,Primary Malignancy - Bone,Bone Neoplasms,MESH:D019292,Skull Base Neoplasms
"Primary Malignancy, Bone",MESH:D001859,Cancers,High,malig_pri_bone,Primary Malignancy - Bone,Bone Neoplasms,MESH:D012888,Skull Neoplasms
"Primary Malignancy, Bowel",MESH:D007414,Cancers,High,malig_pri_bowel,Primary Malignancy - Bowel,Intestinal Neoplasms,MESH:D003123,"Colorectal Neoplasms, Hereditary Nonpolyposis"
"Primary Malignancy, Bowel",MESH:D007414,Cancers,High,malig_pri_bowel,Primary Malignancy - Bowel,Intestinal Neoplasms,MESH:D015179,Colorectal Neoplasms
"Primary Malignancy, Bowel",MESH:D007414,Cancers,High,malig_pri_bowel,Primary Malignancy - Bowel,Intestinal Neoplasms,MESH:D012811,Sigmoid Neoplasms
"Primary Malignancy, Bowel",MESH:D007414,Cancers,High,malig_pri_bowel,Primary Malignancy - Bowel,Intestinal Neoplasms,MESH:D002430,Cecal Neoplasms
"Primary Malignancy, Bowel",MESH:D007414,Cancers,High,malig_pri_bowel,Primary Malignancy - Bowel,Intestinal Neoplasms,MESH:D003110,Colonic Neoplasms
"Primary Malignancy, Bowel",MESH:D007414,Cancers,High,malig_pri_bowel,Primary Malignancy - Bowel,Intestinal Neoplasms,MESH:D012004,Rectal Neoplasms
"Primary Malignancy, Bowel",MESH:D007414,Cancers,High,malig_pri_bowel,Primary Malignancy - Bowel,Intestinal Neoplasms,MESH:D001063,Appendiceal Neoplasms
"Primary Malignancy, Bowel",MESH:D007414,Cancers,High,malig_pri_bowel,Primary Malignancy - Bowel,Intestinal Neoplasms,MESH:D007414,Intestinal Neoplasms
"Primary Malignancy, Bowel",MESH:D007414,Cancers,High,malig_pri_bowel,Primary Malignancy - Bowel,Intestinal Neoplasms,MESH:D001005,Anus Neoplasms
"Primary Malignancy, Brain",MESH:D001932,Cancers,High,malig_pri_brain,Primary Malignancy - Brain,Brain Neoplasms,MESH:D001932,Brain Neoplasms
"Primary Malignancy, Breast",MESH:D001943,Cancers,High,malig_pri_breast,Primary Malignancy - Breast,Breast Neoplasms,MESH:D001943,Breast Neoplasms
"Primary Malignancy, Breast",MESH:D001943,Cancers,High,malig_pri_breast,Primary Malignancy - Breast,Breast Neoplasms,MESH:D000071960,Breast Carcinoma In Situ
"Primary Malignancy, Breast",MESH:D001943,Cancers,High,malig_pri_breast,Primary Malignancy - Breast,Breast Neoplasms,MESH:D018270,"Carcinoma, Ductal, Breast"
"Primary Malignancy, Breast",MESH:D001943,Cancers,High,malig_pri_breast,Primary Malignancy - Breast,Breast Neoplasms,MESH:D010144,"Paget's Disease, Mammary"
"Primary Malignancy, Breast",MESH:D001943,Cancers,High,malig_pri_breast,Primary Malignancy - Breast,Breast Neoplasms,MESH:D002285,"Carcinoma, Intraductal, Noninfiltrating"
"Primary Malignancy, Breast",MESH:D001943,Cancers,High,malig_pri_breast,Primary Malignancy - Breast,Breast Neoplasms,MESH:D018275,"Carcinoma, Lobular"
"Primary Malignancy, Breast",MESH:D001943,Cancers,High,malig_pri_breast,Primary Malignancy - Breast,Breast Neoplasms,MESH:D018567,"Breast Neoplasms, Male"
"Primary Malignancy, Kidney",MESH:D007680,Cancers,High,malig_pri_kidney,Primary Malignancy - Kidney,Kidney Neoplasms,MESH:D007680,Kidney Neoplasms
"Primary Malignancy, Kidney",MESH:D007680,Cancers,High,malig_pri_kidney,Primary Malignancy - Kidney,Kidney Neoplasms,MESH:D002292,"Carcinoma, Renal Cell"
"Primary Malignancy, Liver",MESH:D008113,Cancers,High,malig_pri_liver,Primary Malignancy - Liver,Liver Neoplasms,MESH:D006528,"Carcinoma, Hepatocellular"
"Primary Malignancy, Liver",MESH:D008113,Cancers,High,malig_pri_liver,Primary Malignancy - Liver,Liver Neoplasms,MESH:D008113,Liver Neoplasms
"Primary Malignancy, Lung",MESH:D008175,Cancers,High,malig_pri_lung,Primary Malignancy - Lung,Lung Neoplasms,MESH:D002283,"Carcinoma, Bronchogenic"
"Primary Malignancy, Lung",MESH:D008175,Cancers,High,malig_pri_lung,Primary Malignancy - Lung,Lung Neoplasms,MESH:D002282,"Adenocarcinoma, Bronchiolo-Alveolar"
"Primary Malignancy, Lung",MESH:D008175,Cancers,High,malig_pri_lung,Primary Malignancy - Lung,Lung Neoplasms,MESH:D010178,Pancoast Syndrome
"Primary Malignancy, Lung",MESH:D008175,Cancers,High,malig_pri_lung,Primary Malignancy - Lung,Lung Neoplasms,MESH:D008175,Lung Neoplasms
"Primary Malignancy, Lung",MESH:D008175,Cancers,High,malig_pri_lung,Primary Malignancy - Lung,Lung Neoplasms,MESH:D001984,Bronchial Neoplasms
"Primary Malignancy, Lung",MESH:D008175,Cancers,High,malig_pri_lung,Primary Malignancy - Lung,Lung Neoplasms,MESH:D000077192,Adenocarcinoma of Lung
"Primary Malignancy, Lung",MESH:D008175,Cancers,High,malig_pri_lung,Primary Malignancy - Lung,Lung Neoplasms,MESH:D002289,"Carcinoma, Non-Small-Cell Lung"
"Primary Malignancy, Lung",MESH:D008175,Cancers,High,malig_pri_lung,Primary Malignancy - Lung,Lung Neoplasms,MESH:D055752,Small Cell Lung Carcinoma
"Primary Malignancy, Melanoma",MESH:D008545,Cancers,High,malig_pri_melanoma,Primary Malignancy - Melanoma,Melanoma,MESH:D018328,"Melanoma, Amelanotic"
"Primary Malignancy, Melanoma",MESH:D008545,Cancers,High,malig_pri_melanoma,Primary Malignancy - Melanoma,Melanoma,MESH:D018327,Hutchinson's Melanotic Freckle
"Primary Malignancy, Melanoma",MESH:D008545,Cancers,High,malig_pri_melanoma,Primary Malignancy - Melanoma,Melanoma,MESH:D008545,Melanoma
"Primary Malignancy, Mesothelioma",MESH:D008654,Cancers,High,malig_pri_mesothelioma,Primary Malignancy - Mesothelioma,Mesothelioma,MESH:D008654,Mesothelioma
"Primary Malignancy, Oesophageal",MESH:D004938,Cancers,High,malig_pri_oesoph,Primary Malignancy - Oesophageal,Esophageal Neoplasms,MESH:D000077277,Esophageal Squamous Cell Carcinoma
"Primary Malignancy, Oesophageal",MESH:D004938,Cancers,High,malig_pri_oesoph,Primary Malignancy - Oesophageal,Esophageal Neoplasms,MESH:D004938,Esophageal Neoplasms
"Primary Malignancy, Oropharyngeal",MESH:D009959,Cancers,High,malig_pri_oroph,Primary Malignancy - Oropharyngeal,Oropharyngeal Neoplasms,MESH:D014067,Tonsillar Neoplasms
"Primary Malignancy, Oropharyngeal",MESH:D009959,Cancers,High,malig_pri_oroph,Primary Malignancy - Oropharyngeal,Oropharyngeal Neoplasms,MESH:D009959,Oropharyngeal Neoplasms
"Primary Malignancy, other",MESH:D009369,Cancers,High,malig_pri_other,Primary Malignancy - Other,Neoplasms,MESH:D009369,Neoplasms
"Primary Malignancy, Ovary",MESH:D010051,Cancers,High,malig_pri_ovarian,Primary Malignancy - Ovary,Ovarian Neoplasms,MESH:D000077216,"Carcinoma, Ovarian Epithelial"
"Primary Malignancy, Ovary",MESH:D010051,Cancers,High,malig_pri_ovarian,Primary Malignancy - Ovary,Ovarian Neoplasms,MESH:D010051,Ovarian Neoplasms
"Primary Malignancy, Pancreas",MESH:D010190,Cancers,High,malig_pri_pancr,Primary Malignancy - Pancreas,Pancreatic Neoplasms,MESH:D000077779,Pancreatic Intraductal Neoplasms
"Primary Malignancy, Pancreas",MESH:D010190,Cancers,High,malig_pri_pancr,Primary Malignancy - Pancreas,Pancreatic Neoplasms,MESH:D021441,"Carcinoma, Pancreatic Ductal"
"Primary Malignancy, Pancreas",MESH:D010190,Cancers,High,malig_pri_pancr,Primary Malignancy - Pancreas,Pancreatic Neoplasms,MESH:D018273,"Carcinoma, Islet Cell"
"Primary Malignancy, Pancreas",MESH:D010190,Cancers,High,malig_pri_pancr,Primary Malignancy - Pancreas,Pancreatic Neoplasms,MESH:D010190,Pancreatic Neoplasms
"Primary Malignancy, Pancreas",MESH:D010190,Cancers,High,malig_pri_pancr,Primary Malignancy - Pancreas,Pancreatic Neoplasms,MESH:D005935,Glucagonoma
"Primary Malignancy, Prostate",MESH:D011471,Cancers,High,malig_pri_prost,Primary Malignancy Prostate,Prostatic Neoplasms,MESH:D011471,Prostatic Neoplasms
"Primary Malignancy, Skin",MESH:D012878,Cancers,High,malig_pri_skin,Primary Malignancy - Skin,Skin Neoplasms,MESH:D012878,Skin Neoplasms
"Primary Malignancy, Skin",MESH:D012878,Cancers,High,malig_pri_skin,Primary Malignancy - Skin,Skin Neoplasms,MESH:D012626,Sebaceous Gland Neoplasms
"Primary Malignancy, Skin",MESH:D012878,Cancers,High,malig_pri_skin,Primary Malignancy - Skin,Skin Neoplasms,MESH:D013544,Sweat Gland Neoplasms
"Primary Malignancy, Stomach",MESH:D013274,Cancers,High,malig_pri_stomach,Primary Malignancy - Stomach,Stomach Neoplasms,MESH:D013274,Stomach Neoplasms
"Primary Malignancy, Thyroid",MESH:D013964,Cancers,High,malig_pri_thyroid,Primary Malignancy - Thyroid,Thyroid Neoplasms,MESH:D013964,Thyroid Neoplasms
"Primary Malignancy, Uterus",MESH:D014594,Cancers,High,malig_pri_uterine,Primary Malignancy - Uterus,Uterine Neoplasms,MESH:D018203,"Sarcoma, Endometrial Stromal"
"Primary Malignancy, Uterus",MESH:D014594,Cancers,High,malig_pri_uterine,Primary Malignancy - Uterus,Uterine Neoplasms,MESH:D016889,Endometrial Neoplasms
"Primary Malignancy, Uterus",MESH:D014594,Cancers,High,malig_pri_uterine,Primary Malignancy - Uterus,Uterine Neoplasms,MESH:D014594,Uterine Neoplasms
"Primary Malignancy, Uterus",MESH:D014594,Cancers,High,malig_pri_uterine,Primary Malignancy - Uterus,Uterine Neoplasms,MESH:D018269,"Carcinoma, Endometrioid"
Primary Pulmonary Hypertension,MESH:D006976,Cardiovascular,High,pulm_htn_pri,Primary pulmonary hypertension,"Hypertension, Pulmonary",MESH:D006976,"Hypertension, Pulmonary"
Primary thrombocytopaenia,MESH:D013921,Haematological/ Immuunoligcal,High,pri_thrombocytopaenia,Primary thrombocytopaenia,Thrombocytopenia,MESH:D013921,Thrombocytopenia
Ptosis,MESH:D001763,Eye,High,ptosis,Ptosis,Blepharoptosis,MESH:D001763,Blepharoptosis
Pulmonary Collapse,MESH:D001261,Respiratory,High,pulm_collapse,Pulmonary Collapse,Pulmonary Atelectasis,MESH:D001261,Pulmonary Atelectasis
Pulmonary Embolism,MESH:D011655,Cardiovascular,High,pe,Pulmonary Embolism,Pulmonary Embolism,MESH:D054060,Pulmonary Infarction
Pulmonary Embolism,MESH:D011655,Cardiovascular,High,pe,Pulmonary Embolism,Pulmonary Embolism,MESH:D011655,Pulmonary Embolism
Pulmonary Fibrosis,MESH:D011658,Respiratory,High,pulm_fibrosis,Pulmonary Fibrosis,Pulmonary Fibrosis,MESH:D011658,Pulmonary Fibrosis
Pulmonary Fibrosis,MESH:D011658,Respiratory,High,pulm_fibrosis,Pulmonary Fibrosis,Pulmonary Fibrosis,MESH:D054990,Idiopathic Pulmonary Fibrosis
Raised low density lipoprotein-cholesterol,UMLS:C0549399,Endocrine,High,raisedldl,Raised LDL-C,Low density lipoprotein increased,UMLS:C0549399,Low density lipoprotein increased
Raised Total Cholesterol,MESH:D006937,Endocrine,High,raisedtc,Raised Total Cholesterol,Hypercholesterolemia,MESH:D006937,Hypercholesterolemia
Raised Triglycerides,MESH:D015228,Endocrine,High,raisedtg,Raised Triglycerides,Hypertriglyceridemia,MESH:D006953,Hyperlipoproteinemia Type IV
Raised Triglycerides,MESH:D015228,Endocrine,High,raisedtg,Raised Triglycerides,Hypertriglyceridemia,MESH:D006954,Hyperlipoproteinemia Type V
Raised Triglycerides,MESH:D015228,Endocrine,High,raisedtg,Raised Triglycerides,Hypertriglyceridemia,MESH:D015228,Hypertriglyceridemia
Raynauds Disease,MESH:D011928,Cardiovascular,High,raynauds,Raynaud's Disease,Raynaud Disease,MESH:D011928,Raynaud Disease
Respiratory Failure,MESH:D012131,Respiratory,High,resp_fail,Respiratory Failure,Respiratory Insufficiency,MESH:D000142,"Acidosis, Respiratory"
Respiratory Failure,MESH:D012131,Respiratory,High,resp_fail,Respiratory Failure,Respiratory Insufficiency,MESH:D012133,Respiratory Paralysis
Respiratory Failure,MESH:D012131,Respiratory,High,resp_fail,Respiratory Failure,Respiratory Insufficiency,MESH:D000402,Airway Obstruction
Respiratory Failure,MESH:D012131,Respiratory,High,resp_fail,Respiratory Failure,Respiratory Insufficiency,MESH:D007040,Hypoventilation
Respiratory Failure,MESH:D012131,Respiratory,High,resp_fail,Respiratory Failure,Respiratory Insufficiency,MESH:D012131,Respiratory Insufficiency
Retinal Detachment,MESH:D012163,Eye,High,retinal_detach,Retinal Detachment,Retinal Detachment,MESH:D012163,Retinal Detachment
Retinal Vascular Occlusion,MESH:D015356,Eye,High,retinal_vasc_occl,Retinal Vascular Occlusions,Retinal Artery Occlusion,UMLS:C0035326,Retinal Vascular Occlusion
Retinal Vascular Occlusion,MESH:D012170,Eye,High,retinal_vasc_occl,Retinal Vascular Occlusions,Retinal Vein Occlusion,MESH:D012170,Retinal Vein Occlusion
Retinal Vascular Occlusion,MESH:D012170,Eye,High,retinal_vasc_occl,Retinal Vascular Occlusions,Retinal Vein Occlusion,MESH:D015356,Retinal Artery Occlusion
Rheumatic Fever,MESH:D012213,Infections,High,rh_fever,Rheumatic Fever,Rheumatic Fever,MESH:D012213,Rheumatic Fever
Rheumatic Valve Disorder,MESH:D012214,Cardiovascular,High,rh_valve,Rheumatic Valve Disease,Rheumatic Heart Disease,MESH:D012214,Rheumatic Heart Disease
Rheumatoid Arthritis,MESH:D001172,Musculoskeletal,High,rha,Rheumatoid Arthritis,"Arthritis, Rheumatoid",MESH:D005258,Felty Syndrome
Rheumatoid Arthritis,MESH:D001172,Musculoskeletal,High,rha,Rheumatoid Arthritis,"Arthritis, Rheumatoid",MESH:D012218,Rheumatoid Nodule
Rheumatoid Arthritis,MESH:D001172,Musculoskeletal,High,rha,Rheumatoid Arthritis,"Arthritis, Rheumatoid",MESH:D001172,"Arthritis, Rheumatoid"
Rheumatoid Arthritis,MESH:D001172,Musculoskeletal,High,rha,Rheumatoid Arthritis,"Arthritis, Rheumatoid",MESH:D002205,Caplan Syndrome
Rheumatoid Arthritis,MESH:D001172,Musculoskeletal,High,rha,Rheumatoid Arthritis,"Arthritis, Rheumatoid",MESH:D016706,"Still's Disease, Adult-Onset"
Rheumatoid Arthritis,MESH:D001172,Musculoskeletal,High,rha,Rheumatoid Arthritis,"Arthritis, Rheumatoid",MESH:D056653,Rheumatoid Vasculitis
Right Bundle Branch Block,MESH:D002037,Cardiovascular,High,rbbb,Right Bundle Branch Block,Bundle-Branch Block,MESH:D002037,Bundle-Branch Block
Scleroderma,MESH:D012595,Musculoskeletal,High,scleroderma,Scleroderma,"Scleroderma, Systemic",MESH:D017675,CREST Syndrome
Scleroderma,MESH:D012595,Musculoskeletal,High,scleroderma,Scleroderma,"Scleroderma, Systemic",MESH:D045743,"Scleroderma, Diffuse"
Scleroderma,MESH:D012595,Musculoskeletal,High,scleroderma,Scleroderma,"Scleroderma, Systemic",MESH:D045745,"Scleroderma, Limited"
Scleroderma,MESH:D012594,Musculoskeletal,High,scleroderma,Scleroderma,"Scleroderma, Localized",MESH:D012594,"Scleroderma, Localized"
Scleroderma,MESH:D012595,Musculoskeletal,High,scleroderma,Scleroderma,"Scleroderma, Systemic",MESH:D012595,"Scleroderma, Systemic"
Scoliosis,MESH:D012600,Musculoskeletal,High,scoliosis,Scoliosis,Scoliosis,MESH:D012600,Scoliosis
Seborrheic Dermatitis,MESH:D012628,Skin,High,seb_derm,Seborrheic Dermatitis,"Dermatitis, Seborrheic",MESH:D012628,"Dermatitis, Seborrheic"
"Secondary Malignancy, Adrenal",MESH:D000310,Cancers,High,malig_sec_adrenal,Secondary Malignancy - Adrenal,Adrenal Gland Neoplasms,MESH:D000310,Adrenal Gland Neoplasms
"Secondary Malignancy, Adrenal",MESH:D000310,Cancers,High,malig_sec_adrenal,Secondary Malignancy - Adrenal,Adrenal Gland Neoplasms,MESH:D000306,Adrenal Cortex Neoplasms
"Secondary Malignancy, Bone",MESH:D001859,Cancers,High,malig_sec_bone,Secondary Malignancy - Bone,Bone Neoplasms,MESH:D001859,Bone Neoplasms
"Secondary Malignancy, Bowel",MESH:D007414,Cancers,High,malig_sec_bowel,Secondary Malignancy - Bowel,Intestinal Neoplasms,MESH:D007414,Intestinal Neoplasms
"Secondary Malignancy, Brain",MESH:D001932,Cancers,High,malig_sec_brain,Secondary Malignancy - Brain,Brain Neoplasms,MESH:D001932,Brain Neoplasms
"Secondary Malignancy, Liver",MESH:D008113,Cancers,High,malig_sec_liver,Secondary malignancy - Liver,Liver Neoplasms,MESH:D008113,Liver Neoplasms
"Secondary Malignancy, Lung",MESH:D008175,Cancers,High,malig_sec_lung,Secondary Malignancy - Lung,Lung Neoplasms,MESH:D008175,Lung Neoplasms
"Secondary Malignancy, Lymph Nodes",MESH:D008207,Cancers,High,malig_sec_ln,Secondary Malignancy - Lymph Nodes,Lymphatic Metastasis,MESH:D008207,Lymphatic Metastasis
"Secondary Malignancy, other",MESH:D009362,Cancers,High,malig_sec_other,Secondary Malignancy - Other,Neoplasm Metastasis,MESH:D009362,Neoplasm Metastasis
"Secondary Malignancy, other",MESH:D009362,Cancers,High,malig_sec_other,Secondary Malignancy - Other,Neoplasm Metastasis,MESH:D009360,"Neoplastic Cells, Circulating"
"Secondary Malignancy, other",MESH:D009362,Cancers,High,malig_sec_other,Secondary Malignancy - Other,Neoplasm Metastasis,MESH:D009366,Neoplasm Seeding
"Secondary Malignancy, other",MESH:D009362,Cancers,High,malig_sec_other,Secondary Malignancy - Other,Neoplasm Metastasis,MESH:D061206,Neoplasm Micrometastasis
"Secondary Malignancy, Peritoneum",MESH:D010534,Cancers,High,malig_sec_peritoneum,Secondary Malignancy Peritoneum,Peritoneal Neoplasms,MESH:D010534,Peritoneal Neoplasms
"Secondary Malignancy, Pleura",MESH:D010997,Cancers,High,malig_sec_pleura,Secondary Malignancy - Pleura,Pleural Neoplasms,MESH:D010997,Pleural Neoplasms
Secondary Polycythaemia,MESH:D011086,Haematological/ Immuunoligcal,High,sec_polycythaemia,Secondary Polycythaemia,Polycythemia,MESH:D011086,Polycythemia
Secondary Pulmonary Hypertension,MESH:D006976,Cardiovascular,High,pulm_htn_sec,Secondary Pulmonary Hypertension,"Hypertension, Pulmonary",MESH:D006976,"Hypertension, Pulmonary"
Secondary Thrombocytopaenia,MESH:D013921,Haematological/ Immuunoligcal,High,sec_thrombocytopaenia,Secondary Thrombocytopaenia,Thrombocytopenia,MESH:D013921,Thrombocytopenia
Septicaemia,MESH:D018805,Infections,High,id_sepsis,Septicaemia,Sepsis,MESH:D012772,"Shock, Septic"
Septicaemia,MESH:D018805,Infections,High,id_sepsis,Septicaemia,Sepsis,MESH:D006483,Hemorrhagic Septicemia
Septicaemia,MESH:D018805,Infections,High,id_sepsis,Septicaemia,Sepsis,MESH:D018512,Parasitemia
Septicaemia,MESH:D018805,Infections,High,id_sepsis,Septicaemia,Sepsis,MESH:D014766,Viremia
Septicaemia,MESH:D018805,Infections,High,id_sepsis,Septicaemia,Sepsis,MESH:D016469,Fungemia
Septicaemia,MESH:D018805,Infections,High,id_sepsis,Septicaemia,Sepsis,MESH:D016470,Bacteremia
Septicaemia,MESH:D018805,Infections,High,id_sepsis,Septicaemia,Sepsis,MESH:D018805,Sepsis
Septicaemia,MESH:D018805,Infections,High,id_sepsis,Septicaemia,Sepsis,MESH:D019446,Endotoxemia
Septicaemia,MESH:D018805,Infections,High,id_sepsis,Septicaemia,Sepsis,MESH:D058387,Candidemia
Sick Sinus Syndrome,MESH:D012804,Cardiovascular,High,sick_sinus,Sick Sinus Syndrome,Sick Sinus Syndrome,MESH:D012804,Sick Sinus Syndrome
Sjogren Syndrome,MESH:D012859,Musculoskeletal,High,sjogren,Sjogren's Syndrome,Sjogren's Syndrome,MESH:D012859,Sjogren's Syndrome
Spinal Stenosis,MESH:D013130,Musculoskeletal,High,spinal_stenosis,Spinal Stenosis,Spinal Stenosis,MESH:D013130,Spinal Stenosis
Spondylolisthesis,MESH:D013168,Musculoskeletal,High,spondylolisthesis,Spondylolisthesis,Spondylolisthesis,MESH:D013168,Spondylolisthesis
Spondylosis,MESH:D055009,Musculoskeletal,High,spondylosis,Spondylosis,Spondylosis,MESH:D055009,Spondylosis
Stable Angina,MESH:D060050,Cardiovascular,High,sa,Stable Angina,"Angina, Stable",MESH:D060050,"Angina, Stable"
"Stroke, not otherwise specified",MESH:D020521,Cardiovascular,High,stroke_nos,Stroke - Not otherwise specified (NOS)¬†,Stroke,MESH:D020521,Stroke
"Stroke, not otherwise specified",MESH:D020521,Cardiovascular,High,stroke_nos,Stroke - Not otherwise specified (NOS)¬†,Stroke,MESH:D059409,"Stroke, Lacunar"
Subarachnoid Haemorrhage,MESH:D013345,Cardiovascular,High,subarach,Subarachnoid Haemorrhage,Subarachnoid Hemorrhage,MESH:D013345,Subarachnoid Hemorrhage
Subdural haematoma,MESH:D006408,Cardiovascular,High,subdural_haem,Subdural haematoma,"Hematoma, Subdural",MESH:D020199,"Hematoma, Subdural, Acute"
Subdural haematoma,MESH:D006408,Cardiovascular,High,subdural_haem,Subdural haematoma,"Hematoma, Subdural",MESH:D006408,"Hematoma, Subdural"
Supraventricular Tachycardia,MESH:D013617,Cardiovascular,High,svt,Supraventricular Tachycardia,"Tachycardia, Supraventricular",MESH:D013613,"Tachycardia, Ectopic Junctional"
Supraventricular Tachycardia,MESH:D013617,Cardiovascular,High,svt,Supraventricular Tachycardia,"Tachycardia, Supraventricular",MESH:D013616,"Tachycardia, Sinus"
Supraventricular Tachycardia,MESH:D013617,Cardiovascular,High,svt,Supraventricular Tachycardia,"Tachycardia, Supraventricular",MESH:D013617,"Tachycardia, Supraventricular"
Supraventricular Tachycardia,MESH:D013617,Cardiovascular,High,svt,Supraventricular Tachycardia,"Tachycardia, Supraventricular",MESH:D013612,"Tachycardia, Ectopic Atrial"
Syndrome of Inappropriate AntiDiuretic Hormone,MESH:D007177,Endocrine,High,SIADH,Syndrome of Inappropriate AntiDiuretic Hormone,Inappropriate ADH Syndrome,MESH:D007177,Inappropriate ADH Syndrome
Thyroid Disease,MESH:D013959,Endocrine,High,thyroid,Thyroid Disease,Thyroid Diseases,MESH:D013967,"Thyroiditis, Autoimmune"
Thyroid Disease,MESH:D013959,Endocrine,High,thyroid,Thyroid Disease,Thyroid Diseases,MESH:D013971,Thyrotoxicosis
Thyroid Disease,MESH:D013959,Endocrine,High,thyroid,Thyroid Disease,Thyroid Diseases,MESH:D016606,Thyroid Nodule
Thyroid Disease,MESH:D013959,Endocrine,High,thyroid,Thyroid Disease,Thyroid Diseases,MESH:D049970,Graves Ophthalmopathy
Thyroid Disease,MESH:D013959,Endocrine,High,thyroid,Thyroid Disease,Thyroid Diseases,MESH:D006042,Goiter
Thyroid Disease,MESH:D013959,Endocrine,High,thyroid,Thyroid Disease,Thyroid Diseases,MESH:D006044,"Goiter, Nodular"
Thyroid Disease,MESH:D013959,Endocrine,High,thyroid,Thyroid Disease,Thyroid Diseases,MESH:D006111,Graves Disease
Thyroid Disease,MESH:D013959,Endocrine,High,thyroid,Thyroid Disease,Thyroid Diseases,MESH:D006980,Hyperthyroidism
Thyroid Disease,MESH:D013959,Endocrine,High,thyroid,Thyroid Disease,Thyroid Diseases,MESH:D007037,Hypothyroidism
Thyroid Disease,MESH:D013959,Endocrine,High,thyroid,Thyroid Disease,Thyroid Diseases,MESH:D009230,Myxedema
Thyroid Disease,MESH:D013959,Endocrine,High,thyroid,Thyroid Disease,Thyroid Diseases,MESH:D013958,Thyroid Crisis
Thyroid Disease,MESH:D013959,Endocrine,High,thyroid,Thyroid Disease,Thyroid Diseases,MESH:D013959,Thyroid Diseases
Thyroid Disease,MESH:D013959,Endocrine,High,thyroid,Thyroid Disease,Thyroid Diseases,MESH:D013966,Thyroiditis
Thyroid Disease,MESH:D013959,Endocrine,High,thyroid,Thyroid Disease,Thyroid Diseases,MESH:D050031,Hashimoto Disease
Tinnitus,MESH:D014012,Ear,High,tinnitus,Tinnitus,Tinnitus,MESH:D014012,Tinnitus
Transient Ischaemic Attack,MESH:D002546,Cardiovascular,High,tia,Transient Ischaemic Attack,"Ischemic Attack, Transient",MESH:D002546,"Ischemic Attack, Transient"
Trifascicular Block,UMLS:C0155707,Cardiovascular,High,trifasc_block,Trifascicular Block,Trifascicular Block,UMLS:C0155707,Trifascicular Block
Trigeminal Neuralgia,MESH:D014277,Neurological,High,trigem_neur,Trigeminal Neuralgia,Trigeminal Neuralgia,MESH:D014277,Trigeminal Neuralgia
Tubulo-interstitial Nephropathy,MESH:D009395,Genitourinary,High,tin,Tubulo-interstitial nephritis,"Nephritis, Interstitial",MESH:D009395,"Nephritis, Interstitial"
Type 2 Diabetes Mellitus,MESH:D003924,Endocrine,High,t2dm,Type 2 Diabetes Mellitus,"Diabetes Mellitus, Type 2",MESH:D003924,"Diabetes Mellitus, Type 2"
Unstable Angina,MESH:D000789,Cardiovascular,High,ua,Unstable Angina,"Angina, Unstable",MESH:D000788,"Angina Pectoris, Variant"
Unstable Angina,MESH:D000789,Cardiovascular,High,ua,Unstable Angina,"Angina, Unstable",MESH:D000789,"Angina, Unstable"
Urinary Incontinence,MESH:D014549,Genitourinary,High,urine_incont,Urinary Incontinence,Urinary Incontinence,MESH:D014550,"Urinary Incontinence, Stress"
Urinary Incontinence,MESH:D014549,Genitourinary,High,urine_incont,Urinary Incontinence,Urinary Incontinence,MESH:D053202,"Urinary Incontinence, Urge"
Urinary Incontinence,MESH:D014549,Genitourinary,High,urine_incont,Urinary Incontinence,Urinary Incontinence,MESH:D014549,Urinary Incontinence
Urinary Tract Infection,MESH:D014552,Infections,High,id_uti,Urinary Tract Infection,Urinary Tract Infections,MESH:D014552,Urinary Tract Infections
Uterovaginal Prolapse,MESH:D056887,Genitourinary,High,prolapse,Uterovaginal Prolapse,Pelvic Organ Prolapse,MESH:D014596,Uterine Prolapse
Uterovaginal Prolapse,MESH:D056887,Genitourinary,High,prolapse,Uterovaginal Prolapse,Pelvic Organ Prolapse,MESH:D052858,Cystocele
Uterovaginal Prolapse,MESH:D056887,Genitourinary,High,prolapse,Uterovaginal Prolapse,Pelvic Organ Prolapse,MESH:D056887,Pelvic Organ Prolapse
Venous thromboembolism,MESH:D054556,Cardiovascular,High,vte_expe,Venous thrombolism (Excl PE),Venous Thromboembolism,MESH:D054556,Venous Thromboembolism
Ventricular Tachycardia,MESH:D017180,Cardiovascular,High,vt,Ventricular Tachycardia,"Tachycardia, Ventricular",MESH:D017180,"Tachycardia, Ventricular"
Viral Infection,MESH:D014777,Infections,High,id_viral,Viral Infection,Virus Diseases,MESH:D014766,Viremia
Viral Infection,MESH:D014777,Infections,High,id_viral,Viral Infection,Virus Diseases,MESH:D014777,Virus Diseases
Vitamin B12 deficiency anaemia,UMLS:C2004521,Haematological/ Immuunoligcal,High,b12def,Vitamin B12 deficiency anaemia,Vitamin B12 deficiency anemia,UMLS:C2004521,Vitamin B12 deficiency anemia
Volvulus,MESH:D045822,Digestive,High,volvulus,Volvulus,Intestinal Volvulus,MESH:D045822,Intestinal Volvulus